,,,,,,,,,,,,,,,,,,
Code,Label,2021,2016,2011,2006,2000,1990,1980,1950,1940,1930,1920,1910,1900,1880,1870,1860,1850
,,acs,acs,acs,acs,1pct,1pct,1pct,1pct,1pct,1pct,1pct,1pct,1pct,1pct,1pct,1pct,1%+
0,Not in identifiable city (or size group),X,X,X,X,X,X,X,X,X,X,X,X,X,X,X,X,X
1,"Aberdeen, SD",·,·,·,·,·,·,·,·,·,X,·,X,·,·,·,·,·
2,"Aberdeen, WA",·,·,·,·,·,·,·,·,·,X,·,X,·,·,·,·,·
3,"Abilene, TX",·,·,·,·,·,·,·,·,·,X,·,·,·,·,·,·,·
4,"Ada, OK",·,·,·,·,·,·,·,·,·,X,·,·,·,·,·,·,·
5,"Adams, MA",·,·,·,·,·,·,·,·,·,X,·,X,X,·,·,·,·
6,"Adrian, MI",·,·,·,·,·,·,·,·,·,X,·,X,·,·,·,·,·
7,"Abington, PA",·,·,·,·,·,·,·,·,·,·,·,·,·,·,·,·,·
10,"Akron, OH",X,X,X,X,·,X,X,X,X,X,X,X,X,X,X,·,·
30,"Alameda, CA",·,·,·,·,·,·,·,·,·,X,X,X,X,·,·,·,·
50,"Albany, NY",X,X,X,X,·,X,X,X,X,X,X,X,X,X,X,X,X
51,"Albany, GA",·,·,·,·,·,·,·,·,·,X,·,·,·,·,·,·,·
52,"Albert Lea, MN",·,·,·,·,·,·,·,·,·,X,·,·,·,·,·,·,·
70,"Albuquerque, NM",·,·,·,·,·,·,X,X,X,X,·,X,·,·,·,·,·
90,"Alexandria, VA",X,X,X,X,·,X,X,·,·,X,·,X,X,X,X,X,·
91,"Alexandria, LA",·,·,·,·,·,·,·,·,·,X,·,X,·,·,·,·,·
100,"Alhambra, CA",·,·,·,·,·,·,·,·,·,X,·,·,·,·,·,·,·
110,"Allegheny, PA",·,·,·,·,·,·,·,·,·,·,·,·,X,X,X,X,X
120,"Aliquippa, PA",·,·,·,·,·,·,·,·,·,X,·,·,·,·,·,·,·
130,"Allentown, PA",X,X,X,X,·,X,·,X,X,X,X,X,X,X,X,·,·
131,"Alliance, OH",·,·,·,·,·,·,·,·,·,X,·,X,·,·,·,·,·
132,"Alpena, MI",·,·,·,·,·,·,·,·,·,X,·,X,X,·,·,·,·
140,"Alton, IL",·,·,·,·,·,·,·,·,·,X,·,X,X,·,·,·,·
150,"Altoona, PA",·,·,·,·,·,·,·,·,·,X,X,X,X,X,X,·,·
160,"Amarillo, TX",·,·,·,·,·,·,·,·,·,X,·,·,·,·,·,·,·
Code,Label,2021,2016,2011,2006,2000,1990,1980,1950,1940,1930,1920,1910,1900,1880,1870,1860,1850
,,acs,acs,acs,acs,1pct,1pct,1pct,1pct,1pct,1pct,1pct,1pct,1pct,1pct,1pct,1pct,1%+
161,"Ambridge, PA",·,·,·,·,·,·,·,·,·,X,·,·,·,·,·,·,·
162,"Ames, IA",·,·,·,·,·,·,·,·,·,X,·,·,·,·,·,·,·
163,"Amesbury, MA",·,·,·,·,·,·,·,·,·,X,·,·,·,·,·,·,·
170,"Amsterdam, NY",·,·,·,·,·,·,·,·,·,X,X,X,X,·,·,·,·
171,"Anaconda, MT",·,·,·,·,·,·,·,·,·,X,·,X,·,·,·,·,·
190,"Anaheim, CA",·,·,X,X,·,X,X,·,·,X,·,·,·,·,·,·,·
210,"Anchorage, AK",X,X,X,X,·,X,X,·,·,X,·,·,·,·,·,·,·
230,"Anderson, IN",·,·,·,·,·,·,·,·,·,X,X,X,X,·,·,·,·
231,"Anderson, SC",·,·,·,·,·,·,·,·,·,X,·,·,·,·,·,·,·
250,"Andover, MA",·,·,·,·,·,·,·,·,·,·,·,·,·,·,·,·,·
270,"Ann Arbor, MI",X,X,X,X,·,X,X,·,·,X,·,X,X,·,·,·,·
271,"Annapolis, MD",·,·,·,·,·,·,·,·,·,X,·,·,·,·,·,·,·
272,"Anniston, AL",·,·,·,·,·,·,·,·,·,X,·,X,·,·,·,·,·
273,"Ansonia, CT",·,·,·,·,·,·,·,·,·,X,·,X,X,X,·,·,·
275,"Antioch, CA",X,X,·,·,·,·,·,·,·,·,·,·,·,·,·,·,·
280,"Appleton, WI",·,·,·,·,·,·,·,·,·,X,·,X,X,·,·,·,·
281,"Ardmore, OK",·,·,·,·,·,·,·,·,·,X,·,·,·,·,·,·,·
282,"Argenta, AR",·,·,·,·,·,·,·,·,·,·,·,X,·,·,·,·,·
283,"Arkansas, KS",·,·,·,·,·,·,·,·,·,X,·,·,·,·,·,·,·
284,"Arden-Arcade, CA",·,·,·,·,·,·,·,·,·,·,·,·,·,·,·,·,·
290,"Arlington, TX",·,·,X,X,·,X,X,·,·,·,·,·,·,·,·,·,·
310,"Arlington, VA",X,X,X,X,·,X,X,·,·,·,·,·,·,·,·,·,·
311,"Arlington, MA",·,·,·,·,·,·,·,·,·,X,·,X,·,·,·,·,·
312,"Arnold, PA",·,·,·,·,·,·,·,·,·,X,·,·,·,·,·,·,·
313,"Asbury Park, NJ",·,·,·,·,·,·,·,·,·,X,·,X,·,·,·,·,·
Code,Label,2021,2016,2011,2006,2000,1990,1980,1950,1940,1930,1920,1910,1900,1880,1870,1860,1850
,,acs,acs,acs,acs,1pct,1pct,1pct,1pct,1pct,1pct,1pct,1pct,1pct,1pct,1pct,1pct,1%+
330,"Asheville, NC",·,·,·,·,·,·,·,·,·,X,X,X,X,·,·,·,·
331,"Ashland, OH",·,·,·,·,·,·,·,·,·,X,·,·,·,·,·,·,·
340,"Ashland, KY",·,·,·,·,·,·,·,·,·,X,·,·,·,·,·,·,·
341,"Ashland, WI",·,·,·,·,·,·,·,·,·,X,·,X,X,·,·,·,·
342,"Ashtabula, OH",·,·,·,·,·,·,·,·,·,X,·,X,X,·,·,·,·
343,"Astoria, OR",·,·,·,·,·,·,·,·,·,X,·,·,·,·,·,·,·
344,"Atchison, KS",·,·,·,·,·,·,·,·,·,X,·,X,X,X,·,·,·
345,"Athens, GA",·,·,·,·,·,·,·,·,·,X,·,X,X,·,·,·,·
346,"Athol, MA",·,·,·,·,·,·,·,·,·,X,·,·,·,·,·,·,·
347,"Athens-Clarke County, GA",X,X,·,·,·,·,·,·,·,·,·,·,·,·,·,·,·
350,"Atlanta, GA",·,·,·,·,·,X,X,X,X,X,X,X,X,X,X,·,·
370,"Atlantic City, NJ",·,·,·,·,·,·,·,·,·,X,X,X,X,·,·,·,·
371,"Attleboro, MA",·,·,·,·,·,·,·,·,·,X,·,X,X,X,·,·,·
390,"Auburn, NY",·,·,·,·,·,·,·,·,·,X,X,X,X,X,X,X,·
391,"Auburn, ME",·,·,·,·,·,·,·,·,·,X,·,X,X,·,·,·,·
410,"Augusta, GA",·,·,·,·,·,·,·,·,·,X,X,X,X,X,X,X,·
411,"Augusta-Richmond County, GA",X,X,X,X,·,·,·,·,·,·,·,·,·,·,·,·,·
430,"Augusta, ME",·,·,·,·,·,·,·,·,·,X,·,X,X,·,·,·,·
450,"Aurora, CO",·,·,·,·,·,X,X,·,·,·,·,·,·,·,·,·,·
470,"Aurora, IL",·,·,·,·,·,·,·,·,·,X,X,X,X,X,X,·,·
490,"Austin, TX",·,·,X,X,·,X,X,X,X,X,X,X,X,X,·,·,·
491,"Austin, MN",·,·,·,·,·,·,·,·,·,X,·,·,·,·,·,·,·
510,"Bakersfield, CA",·,·,X,X,·,X,X,·,·,X,·,X,·,·,·,·,·
530,"Baltimore, MD",X,X,X,X,X,X,X,X,X,X,X,X,X,X,X,X,X
550,"Bangor, ME",·,·,·,·,·,·,·,·,·,X,X,X,X,X,X,X,X
Code,Label,2021,2016,2011,2006,2000,1990,1980,1950,1940,1930,1920,1910,1900,1880,1870,1860,1850
,,acs,acs,acs,acs,1pct,1pct,1pct,1pct,1pct,1pct,1pct,1pct,1pct,1pct,1pct,1pct,1%+
551,"Barberton, OH",·,·,·,·,·,·,·,·,·,X,·,·,·,·,·,·,·
552,"Barre, VT",·,·,·,·,·,·,·,·,·,X,·,X,·,·,·,·,·
553,"Bartlesville, OK",·,·,·,·,·,·,·,·,·,X,·,·,·,·,·,·,·
554,"Batavia, NY",·,·,·,·,·,·,·,·,·,X,·,X,·,·,·,·,·
570,"Bath, ME",·,·,·,·,·,·,·,·,·,·,·,·,X,·,·,·,·
590,"Baton Rouge, LA",·,·,X,X,·,X,X,X,X,X,·,X,X,·,·,·,·
610,"Battle Creek, MI",·,·,·,·,·,·,·,·,·,X,X,X,X,·,·,·,·
630,"Bay City, MI",·,·,·,·,·,·,·,·,·,X,X,X,X,X,·,·,·
640,"Bayamon, PR",·,·,·,·,·,·,·,·,·,·,·,·,·,·,·,·,·
650,"Bayonne, NJ",·,·,·,·,·,·,·,·,·,X,X,X,X,·,·,·,·
651,"Beacon, NY",·,·,·,·,·,·,·,·,·,X,·,·,·,·,·,·,·
652,"Beatrice, NE",·,·,·,·,·,·,·,·,·,X,·,·,·,·,·,·,·
660,"Belleville, IL",·,·,·,·,·,·,·,·,·,X,·,X,X,X,·,·,·
670,"Beaumont, TX",X,X,X,X,·,X,·,X,X,X,X,X,·,·,·,·,·
671,"Beaver Falls, PA",·,·,·,·,·,·,·,·,·,X,·,X,X,·,·,·,·
672,"Bedford, IN",·,·,·,·,·,·,·,·,·,X,·,·,·,·,·,·,·
673,"Bellaire, OH",·,·,·,·,·,·,·,·,·,X,·,X,·,·,·,·,·
680,"Bellevue, WA",·,·,X,X,·,·,·,·,·,·,·,·,·,·,·,·,·
690,"Bellingham, WA",·,·,·,·,·,·,·,·,·,X,X,X,·,·,·,·,·
695,"Belvedere, CA",·,·,·,·,·,·,·,·,·,·,·,·,·,·,·,·,·
700,"Belleville, NJ",·,·,·,·,·,·,·,·,·,X,·,·,·,·,·,·,·
701,"Bellevue, PA",·,·,·,·,·,·,·,·,·,X,·,·,·,·,·,·,·
702,"Belmont, OH",·,·,·,·,·,·,·,·,·,·,·,X,·,·,·,·,·
703,"Belmont, MA",·,·,·,·,·,·,·,·,·,X,·,·,·,·,·,·,·
704,"Beloit, WI",·,·,·,·,·,·,·,·,·,X,·,X,X,·,·,·,·
Code,Label,2021,2016,2011,2006,2000,1990,1980,1950,1940,1930,1920,1910,1900,1880,1870,1860,1850
,,acs,acs,acs,acs,1pct,1pct,1pct,1pct,1pct,1pct,1pct,1pct,1pct,1pct,1pct,1pct,1%+
705,"Bennington, VT",·,·,·,·,·,·,·,·,·,X,·,·,·,·,·,·,·
706,"Benton Harbor, MI",·,·,·,·,·,·,·,·,·,X,·,·,·,·,·,·,·
710,"Berkeley, CA",·,·,·,·,·,·,·,·,·,X,X,X,X,·,·,·,·
711,"Berlin, NH",·,·,·,·,·,·,·,·,·,X,·,X,·,·,·,·,·
712,"Berwick, PA",·,·,·,·,·,·,·,·,·,X,·,·,·,·,·,·,·
720,"Berwyn, IL",·,·,·,·,·,·,·,·,·,X,·,·,·,·,·,·,·
721,"Bessemer, AL",·,·,·,·,·,·,·,·,·,X,·,X,·,·,·,·,·
730,"Bethlehem, PA",·,·,·,·,·,·,·,·,·,X,X,X,·,·,·,·,·
740,"Biddeford, ME",·,·,·,·,·,·,·,·,·,X,·,X,X,X,X,·,·
741,"Big Spring, TX",·,·,·,·,·,·,·,·,·,X,·,·,·,·,·,·,·
742,"Billings, MT",X,X,·,·,·,·,·,·,·,X,·,X,·,·,·,·,·
743,"Biloxi, MS",·,·,·,·,·,·,·,·,·,X,·,·,·,·,·,·,·
750,"Binghamton, NY",·,·,·,·,·,·,·,·,·,X,X,X,X,X,X,·,·
760,"Beverly, MA",·,·,·,·,·,·,·,·,·,X,·,X,X,·,·,·,·
761,"Beverly Hills, CA",·,·,·,·,·,·,·,·,·,X,·,·,·,·,·,·,·
770,"Birmingham, AL",·,·,·,·,·,·,X,X,X,X,X,X,X,·,·,·,·
771,"Birmingham, CT",·,·,·,·,·,·,·,·,·,·,·,·,·,X,·,·,·
772,"Bismarck, ND",·,·,·,·,·,·,·,·,·,X,·,·,·,·,·,·,·
780,"Bloomfield, NJ",·,·,·,·,·,·,·,·,·,X,·,X,·,·,·,·,·
790,"Bloomington, IL",·,·,·,·,·,·,·,·,·,X,X,X,X,X,·,·,·
791,"Bloomington, IN",·,·,·,·,·,·,·,·,·,X,·,·,·,·,·,·,·
792,"Blue Island, IL",·,·,·,·,·,·,·,·,·,X,·,·,·,·,·,·,·
793,"Bluefield, WV",·,·,·,·,·,·,·,·,·,X,·,X,·,·,·,·,·
794,"Blytheville, AR",·,·,·,·,·,·,·,·,·,X,·,·,·,·,·,·,·
795,"Bogalusa, LA",·,·,·,·,·,·,·,·,·,X,·,·,·,·,·,·,·
Code,Label,2021,2016,2011,2006,2000,1990,1980,1950,1940,1930,1920,1910,1900,1880,1870,1860,1850
,,acs,acs,acs,acs,1pct,1pct,1pct,1pct,1pct,1pct,1pct,1pct,1pct,1pct,1pct,1pct,1%+
800,"Boise, ID",·,·,X,X,·,·,·,·,·,X,·,X,·,·,·,·,·
801,"Boone, IA",·,·,·,·,·,·,·,·,·,X,·,X,·,·,·,·,·
810,"Boston, MA",X,X,X,X,X,X,X,X,X,X,X,X,X,X,X,X,X
811,"Boulder, CO",·,·,·,·,·,·,·,·,·,X,·,·,·,·,·,·,·
812,"Bowling Green, KY",·,·,·,·,·,·,·,·,·,X,·,·,·,·,·,·,·
813,"Braddock, PA",·,·,·,·,·,·,·,·,·,X,·,X,X,·,·,·,·
814,"Braden, WA",·,·,·,·,·,·,·,·,·,·,·,X,·,·,·,·,·
815,"Bradford, PA",·,·,·,·,·,·,·,·,·,X,·,X,X,·,·,·,·
816,"Brainerd, MN",·,·,·,·,·,·,·,·,·,X,·,·,·,·,·,·,·
817,"Braintree, MA",·,·,·,·,·,·,·,·,·,X,·,·,·,·,·,·,·
818,"Brawley, CA",·,·,·,·,·,·,·,·,·,X,·,·,·,·,·,·,·
819,"Bremerton, WA",·,·,·,·,·,·,·,·,·,X,·,·,·,·,·,·,·
830,"Bridgeport, CT",X,X,X,X,·,X,X,X,X,X,X,X,X,X,X,X,·
831,"Bridgeton, NJ",·,·,·,·,·,·,·,·,·,X,·,X,X,·,·,·,·
832,"Bristol, CT",·,·,·,·,·,·,·,·,·,X,·,X,·,·,·,·,·
833,"Bristol, PA",·,·,·,·,·,·,·,·,·,X,·,·,·,·,·,·,·
834,"Bristol, VA",·,·,·,·,·,·,·,·,·,X,·,·,·,·,·,·,·
835,"Bristol, TN",·,·,·,·,·,·,·,·,·,X,·,·,·,·,·,·,·
837,"Bristol, RI",·,·,·,·,·,·,·,·,·,X,·,·,·,·,·,·,·
850,"Brockton, MA",·,·,·,·,·,·,·,·,·,X,X,X,X,X,·,·,·
851,"Brookfield, IL",·,·,·,·,·,·,·,·,·,X,·,·,·,·,·,·,·
870,"Brookline, MA",·,·,·,·,·,·,·,·,·,X,·,X,X,·,·,·,·
,"Brooklyn, NY (See NYC)",,,,,,,,,,,,,,,,,
880,"Brownsville, TX",·,·,X,X,·,X,·,·,·,X,·,X,·,·,·,·,·
881,"Brownwood, TX",·,·,·,·,·,·,·,·,·,X,·,·,·,·,·,·,·
Code,Label,2021,2016,2011,2006,2000,1990,1980,1950,1940,1930,1920,1910,1900,1880,1870,1860,1850
,,acs,acs,acs,acs,1pct,1pct,1pct,1pct,1pct,1pct,1pct,1pct,1pct,1pct,1pct,1pct,1%+
882,"Brunswick, GA",·,·,·,·,·,·,·,·,·,X,·,X,·,·,·,·,·
883,"Bucyrus, OH",·,·,·,·,·,·,·,·,·,X,·,·,·,·,·,·,·
890,"Buffalo, NY",X,X,X,X,·,X,X,X,X,X,X,X,X,X,X,X,X
900,"Burlington, IA",·,·,·,·,·,·,·,·,·,X,·,X,X,X,X,·,·
905,"Burlington, VT",·,·,·,·,·,·,·,·,·,X,·,X,X,X,X,·,·
906,"Burlington, NJ",·,·,·,·,·,·,·,·,·,X,·,·,·,·,·,·,·
907,"Bushkill, PA",·,·,·,·,·,·,·,·,·,·,·,·,·,·,X,·,·
910,"Butte, MT",·,·,·,·,·,·,·,·,·,X,X,X,X,·,·,·,·
911,"Butler, PA",·,·,·,·,·,·,·,·,·,X,·,X,X,·,·,·,·
920,"Burbank, CA",·,·,X,X,·,·,·,·,·,X,·,·,·,·,·,·,·
921,"Burlingame, CA",·,·,·,·,·,·,·,·,·,X,·,·,·,·,·,·,·
926,"Cairo, IL",·,·,·,·,·,·,·,·,·,X,·,X,X,·,·,·,·
927,"Calumet City, IL",·,·,·,·,·,·,·,·,·,X,·,·,·,·,·,·,·
930,"Cambridge, MA",X,X,X,X,·,·,·,·,·,X,X,X,X,X,X,X,X
931,"Cambridge, OH",·,·,·,·,·,·,·,·,·,X,·,X,·,·,·,·,·
950,"Camden, NJ",·,·,·,·,·,·,·,·,·,X,X,X,X,X,X,X,·
951,"Campbell, OH",·,·,·,·,·,·,·,·,·,X,·,·,·,·,·,·,·
952,"Canonsburg, PA",·,·,·,·,·,·,·,·,·,X,·,·,·,·,·,·,·
970,"Camden, NY",·,·,·,·,·,·,·,·,·,·,·,·,·,·,·,·,·
990,"Canton, OH",·,·,·,·,·,·,·,X,X,X,X,X,X,X,·,·,·
991,"Canton, IL",·,·,·,·,·,·,·,·,·,X,·,X,·,·,·,·,·
992,"Cape Girardeau, MO",·,·,·,·,·,·,·,·,·,X,·,·,·,·,·,·,·
993,"Carbondale, PA",·,·,·,·,·,·,·,·,·,X,·,X,X,·,·,·,·
994,"Carlisle, PA",·,·,·,·,·,·,·,·,·,X,·,X,·,·,·,·,·
995,"Carnegie, PA",·,·,·,·,·,·,·,·,·,X,·,X,·,·,·,·,·
Code,Label,2021,2016,2011,2006,2000,1990,1980,1950,1940,1930,1920,1910,1900,1880,1870,1860,1850
,,acs,acs,acs,acs,1pct,1pct,1pct,1pct,1pct,1pct,1pct,1pct,1pct,1pct,1pct,1pct,1%+
996,"Carrick, PA",·,·,·,·,·,·,·,·,·,·,·,·,·,·,·,·,·
997,"Carteret, NJ",·,·,·,·,·,·,·,·,·,X,·,·,·,·,·,·,·
998,"Carthage, MO",·,·,·,·,·,·,·,·,·,·,·,·,·,·,·,·,·
999,"Casper, WY",·,·,·,·,·,·,·,·,·,X,·,·,·,·,·,·,·
1000,"Cape Coral, FL",·,·,X,X,·,·,·,·,·,·,·,·,·,·,·,·,·
1010,"Cedar Rapids, IA",·,·,·,·,·,·,·,·,·,X,X,X,X,X,·,·,·
1020,"Central Falls, RI",·,·,·,·,·,·,·,·,·,X,·,X,X,·,·,·,·
1021,"Centralia, IL",·,·,·,·,·,·,·,·,·,X,·,·,·,·,·,·,·
1023,"Chambersburg, PA",·,·,·,·,·,·,·,·,·,X,·,X,·,·,·,·,·
1024,"Champaign, IL",·,·,·,·,·,·,·,·,·,X,·,X,·,·,·,·,·
1025,"Chanute, KS",·,·,·,·,·,·,·,·,·,X,·,·,·,·,·,·,·
1026,"Charleroi, PA",·,·,·,·,·,·,·,·,·,X,·,·,·,·,·,·,·
1027,"Chandler, AZ",·,·,X,X,·,·,·,·,·,·,·,·,·,·,·,·,·
1030,"Charlestown, MA",·,·,·,·,·,·,·,·,·,·,·,·,·,·,X,X,X
1050,"Charleston, SC",·,·,·,·,·,·,·,·,·,X,X,X,X,X,X,X,X
1060,"Carolina, PR",·,·,·,·,·,·,·,·,·,·,·,·,·,·,·,·,·
1070,"Charleston, WV",·,·,·,·,·,·,·,X,X,X,X,X,X,·,·,·,·
1090,"Charlotte, NC",·,·,X,X,·,·,·,X,X,X,X,X,X,·,·,·,·
1091,"Charlottesville, VA",·,·,·,·,·,·,·,·,·,X,·,·,·,·,·,·,·
1110,"Chattanooga, TN",·,·,X,X,·,X,X,X,X,X,X,X,X,X,·,·,·
1130,"Chelsea, MA",·,·,·,·,·,·,·,·,·,X,X,X,X,X,X,X,·
1140,"Cheltenham, PA",·,·,·,·,·,·,·,·,·,·,·,·,·,·,·,·,·
1150,"Chesapeake, VA",X,X,X,X,·,·,·,·,·,·,·,·,·,·,·,·,·
1170,"Chester, PA",·,·,·,·,·,·,·,·,·,X,X,X,X,X,·,·,·
1171,"Cheyenne, WY",·,·,·,·,·,·,·,·,·,X,·,X,X,·,·,·,·
Code,Label,2021,2016,2011,2006,2000,1990,1980,1950,1940,1930,1920,1910,1900,1880,1870,1860,1850
,,acs,acs,acs,acs,1pct,1pct,1pct,1pct,1pct,1pct,1pct,1pct,1pct,1pct,1pct,1pct,1%+
1190,"Chicago, IL",X,X,X,X,X,X,X,X,X,X,X,X,X,X,X,X,X
1191,"Chicago Heights, IL",·,·,·,·,·,·,·,·,·,X,·,X,·,·,·,·,·
1192,"Chickasha, OK",·,·,·,·,·,·,·,·,·,X,·,X,·,·,·,·,·
1210,"Chicopee, MA",·,·,·,·,·,·,·,·,·,X,X,X,X,X,·,·,·
1230,"Chillicothe, OH",·,·,·,·,·,·,·,·,·,X,·,X,X,X,·,·,·
1250,"Chula Vista, CA",·,·,X,X,·,X,·,·,·,·,·,·,·,·,·,·,·
1270,"Cicero, IL",·,·,·,·,·,·,·,·,·,X,X,X,·,·,·,·,·
1290,"Cincinnati, OH",·,·,X,X,·,·,X,X,X,X,X,X,X,X,X,X,X
1291,"Clairton, PA",·,·,·,·,·,·,·,·,·,X,·,·,·,·,·,·,·
1292,"Claremont, NH",·,·,·,·,·,·,·,·,·,X,·,·,·,·,·,·,·
1310,"Clarksburg, WV",·,·,·,·,·,·,·,·,·,X,X,·,·,·,·,·,·
1311,"Clarksdale, MS",·,·,·,·,·,·,·,·,·,X,·,·,·,·,·,·,·
1312,"Cleburne, TX",·,·,·,·,·,·,·,·,·,X,·,X,·,·,·,·,·
1330,"Cleveland, OH",X,X,X,X,X,X,X,X,X,X,X,X,X,X,X,X,X
1340,"Cleveland Heights, OH",·,·,·,·,·,·,·,·,·,X,·,·,·,·,·,·,·
1341,"Cliffside Park, NJ",·,·,·,·,·,·,·,·,·,X,·,·,·,·,·,·,·
1350,"Clifton, NJ",·,·,·,·,·,·,·,·,·,X,X,·,·,·,·,·,·
1351,"Clinton, IN",·,·,·,·,·,·,·,·,·,·,·,·,·,·,·,·,·
1370,"Clinton, IA",·,·,·,·,·,·,·,·,·,X,·,X,X,·,·,·,·
1371,"Clinton, MA",·,·,·,·,·,·,·,·,·,X,·,X,X,·,·,·,·
1372,"Coatesville, PA",·,·,·,·,·,·,·,·,·,X,·,X,·,·,·,·,·
1373,"Coffeyville, KS",·,·,·,·,·,·,·,·,·,X,·,X,·,·,·,·,·
1374,"Cohoes, NY",·,·,·,·,·,·,·,·,·,X,·,X,X,X,X,·,·
1375,"Collingswood, NJ",·,·,·,·,·,·,·,·,·,X,·,·,·,·,·,·,·
1390,"Colorado Springs, CO",·,·,·,·,·,X,X,·,·,X,X,X,X,·,·,·,·
Code,Label,2021,2016,2011,2006,2000,1990,1980,1950,1940,1930,1920,1910,1900,1880,1870,1860,1850
,,acs,acs,acs,acs,1pct,1pct,1pct,1pct,1pct,1pct,1pct,1pct,1pct,1pct,1pct,1pct,1%+
1410,"Columbia, SC",·,·,X,X,·,·,X,X,X,X,X,X,X,X,·,·,·
1411,"Columbia, PA",·,·,·,·,·,·,·,·,·,X,·,X,X,·,·,·,·
1412,"Columbia, MO",·,·,·,·,·,·,·,·,·,X,·,·,·,·,·,·,·
1420,"Columbia City, IN",·,·,·,·,·,·,·,·,·,·,·,·,·,·,·,·,·
1430,"Columbus, GA",X,X,X,X,·,·,·,·,·,X,X,X,X,X,·,·,·
1450,"Columbus, OH",·,·,·,·,·,·,X,X,X,X,X,X,X,X,X,X,X
1451,"Columbus, MS",·,·,·,·,·,·,·,·,·,X,·,·,·,·,·,·,·
1452,"Compton, CA",·,·,·,·,·,·,·,·,·,X,·,·,·,·,·,·,·
1470,"Concord, CA",·,·,·,·,·,X,X,·,·,·,·,·,·,·,·,·,·
1490,"Concord, NH",·,·,·,·,·,·,·,·,·,X,·,X,X,X,X,X,·
1491,"Concord, NC",·,·,·,·,·,·,·,·,·,X,·,·,·,·,·,·,·
1492,"Connellsville, PA",·,·,·,·,·,·,·,·,·,X,·,X,·,·,·,·,·
1493,"Connersville, IN",·,·,·,·,·,·,·,·,·,X,·,·,·,·,·,·,·
1494,"Conshohocken, PA",·,·,·,·,·,·,·,·,·,X,·,·,·,·,·,·,·
1495,"Coraopolis, PA",·,·,·,·,·,·,·,·,·,X,·,·,·,·,·,·,·
1496,"Corning, NY",·,·,·,·,·,·,·,·,·,X,·,X,X,·,·,·,·
1500,"Corona, CA",·,·,X,X,·,·,·,·,·,·,·,·,·,·,·,·,·
1510,"Council Bluffs, IA",·,·,·,·,·,·,·,·,·,X,X,X,X,X,X,·,·
1520,"Corpus Christi, TX",·,·,X,X,·,X,·,·,·,X,·,·,·,·,·,·,·
1521,"Corsicana, TX",·,·,·,·,·,·,·,·,·,X,·,·,·,·,·,·,·
1522,"Cortland, NY",·,·,·,·,·,·,·,·,·,X,·,X,·,·,·,·,·
1523,"Coshocton, OH",·,·,·,·,·,·,·,·,·,X,·,·,·,·,·,·,·
1530,"Covington, KY",·,·,·,·,·,·,·,·,·,X,X,X,X,X,X,X,·
1540,"Costa Mesa, CA",·,·,X,X,·,·,·,·,·,·,·,·,·,·,·,·,·
1545,"Cranford, NJ",·,·,·,·,·,·,·,·,·,·,·,·,·,·,·,·,·
Code,Label,2021,2016,2011,2006,2000,1990,1980,1950,1940,1930,1920,1910,1900,1880,1870,1860,1850
,,acs,acs,acs,acs,1pct,1pct,1pct,1pct,1pct,1pct,1pct,1pct,1pct,1pct,1pct,1pct,1%+
1550,"Cranston, RI",·,·,·,·,·,·,·,·,·,X,X,X,X,·,·,·,·
1551,"Crawfordsville, IN",·,·,·,·,·,·,·,·,·,X,·,·,·,·,·,·,·
1552,"Cripple Creek, CO",·,·,·,·,·,·,·,·,·,·,·,·,X,·,·,·,·
1553,"Cudahy, WI",·,·,·,·,·,·,·,·,·,X,·,·,·,·,·,·,·
1570,"Cumberland, MD",·,·,·,·,·,·,·,·,·,X,X,X,X,X,·,·,·
1571,"Cumberland, RI",·,·,·,·,·,·,·,·,·,X,·,X,·,·,·,·,·
1572,"Cuyahoga Falls, OH",·,·,·,·,·,·,·,·,·,X,·,·,·,·,·,·,·
1590,"Dallas, TX",·,·,·,·,·,X,X,X,X,X,X,X,X,X,·,·,·
1591,"Danbury, CT",·,·,·,·,·,·,·,·,·,X,·,X,X,X,·,·,·
1592,"Daly City, CA",·,·,·,·,·,X,·,·,·,·,·,·,·,·,·,·,·
1610,"Danvers, MA",·,·,·,·,·,·,·,·,·,X,·,·,·,·,·,·,·
1630,"Danville, IL",·,·,·,·,·,·,·,·,·,X,X,X,X,·,·,·,·
1631,"Danville, VA",·,·,·,·,·,·,·,·,·,X,·,X,X,·,·,·,·
1650,"Davenport, IA",·,·,·,·,·,·,·,·,·,X,X,X,X,X,X,X,·
1670,"Dayton, OH",·,·,X,X,·,·,X,X,X,X,X,X,X,X,X,X,X
1671,"Daytona Beach, FL",·,·,·,·,·,·,·,·,·,X,·,·,·,·,·,·,·
1680,"Dearborn, MI",·,·,·,·,·,·,·,·,·,X,·,·,·,·,·,·,·
1690,"Decatur, IL",·,·,·,·,·,·,·,·,·,X,X,X,X,·,·,·,·
1691,"Decatur, AL",·,·,·,·,·,·,·,·,·,X,·,·,·,·,·,·,·
1692,"Decatur, GA",·,·,·,·,·,·,·,·,·,X,·,·,·,·,·,·,·
1693,"Dedham, MA",·,·,·,·,·,·,·,·,·,X,·,·,·,·,·,·,·
1694,"Del Rio, TX",·,·,·,·,·,·,·,·,·,X,·,·,·,·,·,·,·
1695,"Denison, TX",·,·,·,·,·,·,·,·,·,X,·,X,X,·,·,·,·
1710,"Denver, CO",X,X,X,X,X,X,·,X,X,X,X,X,X,X,·,·,·
1711,"Derby, CT",·,·,·,·,·,·,·,·,·,X,·,·,·,X,·,·,·
Code,Label,2021,2016,2011,2006,2000,1990,1980,1950,1940,1930,1920,1910,1900,1880,1870,1860,1850
,,acs,acs,acs,acs,1pct,1pct,1pct,1pct,1pct,1pct,1pct,1pct,1pct,1pct,1pct,1pct,1%+
1713,"Derry, PA",·,·,·,·,·,·,·,·,·,·,·,X,·,·,·,·,·
1730,"Des Moines, IA",X,X,X,X,·,X,X,X,X,X,X,X,X,X,X,·,·
1750,"Detroit, MI",X,X,X,X,·,X,X,X,X,X,X,X,X,X,X,X,X
1751,"Dickson City, PA",·,·,·,·,·,·,·,·,·,X,·,·,·,·,·,·,·
1752,"Dodge, KS",·,·,·,·,·,·,·,·,·,X,·,·,·,·,·,·,·
1753,"Donora, PA",·,·,·,·,·,·,·,·,·,X,·,·,·,·,·,·,·
1754,"Dormont, PA",·,·,·,·,·,·,·,·,·,X,·,·,·,·,·,·,·
1755,"Dothan, AL",·,·,·,·,·,·,·,·,·,X,·,·,·,·,·,·,·
1770,"Dorchester, MA",·,·,·,·,·,·,·,·,·,·,·,·,·,·,·,·,·
1790,"Dover, NH",·,·,·,·,·,·,·,·,·,X,·,X,X,X,·,·,·
1791,"Dover, NJ",·,·,·,·,·,·,·,·,·,X,·,·,·,·,·,·,·
1792,"Du Bois, PA",·,·,·,·,·,·,·,·,·,X,·,X,·,·,·,·,·
1800,"Downey, CA",X,X,X,X,·,·,·,·,·,·,·,·,·,·,·,·,·
1810,"Dubuque, IA",·,·,·,·,·,·,·,·,·,X,X,X,X,X,X,X,·
1830,"Duluth, MN",·,·,·,·,·,·,·,·,·,X,X,X,X,·,·,·,·
1831,"Dunkirk, NY",·,·,·,·,·,·,·,·,·,X,·,X,X,·,·,·,·
1832,"Dunmore, PA",·,·,·,·,·,·,·,·,·,X,·,X,X,·,·,·,·
1833,"Duquesne, PA",·,·,·,·,·,·,·,·,·,X,·,X,·,·,·,·,·
1834,"Dundalk, MD",·,·,·,·,·,·,·,·,·,·,·,·,·,·,·,·,·
1850,"Durham, NC",·,·,·,·,·,·,X,·,·,X,·,X,·,·,·,·,·
1860,,·,·,·,·,·,·,·,·,·,·,·,·,·,·,·,·,·
1870,"East Chicago, IN",·,·,·,·,·,·,·,·,·,X,X,X,·,·,·,·,·
1890,"East Cleveland, OH",·,·,·,·,·,·,·,·,·,X,X,·,·,·,·,·,·
1891,"East Hartford, CT",·,·,·,·,·,·,·,·,·,X,·,·,·,·,·,·,·
1892,"East Liverpool, OH",·,·,·,·,·,·,·,·,·,X,·,X,X,·,·,·,·
Code,Label,2021,2016,2011,2006,2000,1990,1980,1950,1940,1930,1920,1910,1900,1880,1870,1860,1850
,,acs,acs,acs,acs,1pct,1pct,1pct,1pct,1pct,1pct,1pct,1pct,1pct,1pct,1pct,1pct,1%+
1893,"East Moline, IL",·,·,·,·,·,·,·,·,·,X,·,·,·,·,·,·,·
1910,"East Los Angeles, CA",X,X,X,X,·,X,X,·,·,·,·,·,·,·,·,·,·
1930,"East Orange, NJ",·,·,·,·,·,·,·,·,·,X,X,X,X,·,·,·,·
1931,"East Providence, RI",·,·,·,·,·,·,·,·,·,X,·,X,X,·,·,·,·
1940,"East Saginaw, MI",·,·,·,·,·,·,·,·,·,·,·,·,·,X,X,·,·
1950,"East St. Louis, IL",·,·,·,·,·,·,·,·,·,X,X,X,X,·,·,·,·
1951,"East Youngstown, OH",·,·,·,·,·,·,·,·,·,·,·,·,·,·,·,·,·
1952,"Easthampton, MA",·,·,·,·,·,·,·,·,·,X,·,·,·,·,·,·,·
1970,"Easton, PA",·,·,·,·,·,·,·,·,·,X,X,X,X,X,·,·,·
1971,"Eau Claire, WI",·,·,·,·,·,·,·,·,·,X,·,X,X,X,·,·,·
1972,"Ecorse, MI",·,·,·,·,·,·,·,·,·,X,·,·,·,·,·,·,·
1973,"El Dorado, KS",·,·,·,·,·,·,·,·,·,X,·,·,·,·,·,·,·
1974,"El Dorado, AR",·,·,·,·,·,·,·,·,·,X,·,·,·,·,·,·,·
1990,"El Monte, CA",·,·,X,X,·,X,·,·,·,·,·,·,·,·,·,·,·
2010,"El Paso, TX",X,X,·,·,·,X,X,·,·,X,X,X,X,·,·,·,·
2030,"Elgin, IL",·,·,·,·,·,·,·,·,·,X,X,X,X,·,·,·,·
2040,"Elyria, OH",·,·,·,·,·,·,·,·,·,X,·,X,·,·,·,·,·
2050,"Elizabeth, NJ",X,X,X,X,·,X,X,·,·,X,X,X,X,X,X,X,·
2051,"Elizabeth City, NC",·,·,·,·,·,·,·,·,·,X,·,·,·,·,·,·,·
2055,"Elk Grove, CA",X,X,·,·,·,·,·,·,·,·,·,·,·,·,·,·,·
2060,"Elkhart, IN",·,·,·,·,·,·,·,·,·,X,·,X,X,·,·,·,·
2061,"Ellwood City, PA",·,·,·,·,·,·,·,·,·,X,·,·,·,·,·,·,·
2062,"Elmhurst, IL",·,·,·,·,·,·,·,·,·,X,·,·,·,·,·,·,·
2070,"Elmira, NY",·,·,·,·,·,·,·,·,·,X,X,X,X,X,X,·,·
2071,"Elmwood Park, IL",·,·,·,·,·,·,·,·,·,X,·,·,·,·,·,·,·
Code,Label,2021,2016,2011,2006,2000,1990,1980,1950,1940,1930,1920,1910,1900,1880,1870,1860,1850
,,acs,acs,acs,acs,1pct,1pct,1pct,1pct,1pct,1pct,1pct,1pct,1pct,1pct,1pct,1pct,1%+
2072,"Elwood, IN",·,·,·,·,·,·,·,·,·,X,·,X,X,·,·,·,·
2073,"Emporia, KS",·,·,·,·,·,·,·,·,·,X,·,·,·,·,·,·,·
2074,"Endicott, NY",·,·,·,·,·,·,·,·,·,X,·,·,·,·,·,·,·
2075,"Enfield, CT",·,·,·,·,·,·,·,·,·,X,·,·,·,·,·,·,·
2076,"Englewood, NJ",·,·,·,·,·,·,·,·,·,X,·,·,·,·,·,·,·
2080,"Enid, OK",·,·,·,·,·,·,·,·,·,X,·,X,·,·,·,·,·
2090,"Erie, PA",X,X,X,X,·,X,X,X,X,X,X,X,X,X,X,·,·
2091,"Escanaba, MI",·,·,·,·,·,·,·,·,·,X,·,X,·,·,·,·,·
2092,"Euclid, OH",·,·,·,·,·,·,·,·,·,X,·,·,·,·,·,·,·
2110,"Escondido, CA",·,·,·,·,·,X,·,·,·,·,·,·,·,·,·,·,·
2130,"Eugene, OR",·,·,·,·,·,X,·,·,·,X,·,·,·,·,·,·,·
2131,"Eureka, CA",·,·,·,·,·,·,·,·,·,X,·,X,·,·,·,·,·
2150,"Evanston, IL",·,·,·,·,·,·,·,·,·,X,X,X,X,·,·,·,·
2170,"Evansville, IN",·,·,X,X,·,·,X,·,·,X,X,X,X,X,X,X,·
2190,"Everett, MA",·,·,·,·,·,·,·,·,·,X,X,X,X,·,·,·,·
2210,"Everett, WA",·,·,·,·,·,·,·,·,·,X,X,X,·,·,·,·,·
2211,"Fairfield, AL",·,·,·,·,·,·,·,·,·,X,·,·,·,·,·,·,·
2212,"Fairfield, CT",·,·,·,·,·,·,·,·,·,X,·,·,·,·,·,·,·
2213,"Fairhaven, MA",·,·,·,·,·,·,·,·,·,X,·,·,·,·,·,·,·
2214,"Fairmont, WV",·,·,·,·,·,·,·,·,·,X,·,·,·,·,·,·,·
2220,"Fargo, ND",·,·,·,·,·,·,·,·,·,X,·,X,·,·,·,·,·
2221,"Faribault, MN",·,·,·,·,·,·,·,·,·,X,·,·,·,·,·,·,·
2222,"Farrell, PA",·,·,·,·,·,·,·,·,·,X,·,·,·,·,·,·,·
2230,"Fall River, MA",·,·,·,·,·,·,·,·,·,X,X,X,X,X,X,X,X
2240,"Fayetteville, NC",·,·,X,X,·,·,·,·,·,X,·,·,·,·,·,·,·
Code,Label,2021,2016,2011,2006,2000,1990,1980,1950,1940,1930,1920,1910,1900,1880,1870,1860,1850
,,acs,acs,acs,acs,1pct,1pct,1pct,1pct,1pct,1pct,1pct,1pct,1pct,1pct,1pct,1pct,1%+
2241,"Ferndale, MI",·,·,·,·,·,·,·,·,·,X,·,·,·,·,·,·,·
2242,"Findlay, OH",·,·,·,·,·,·,·,·,·,X,·,X,X,·,·,·,·
2250,"Fitchburg, MA",·,·,·,·,·,·,·,·,·,X,X,X,X,X,·,·,·
2260,"Fontana, CA",·,·,X,X,·,·,·,·,·,·,·,·,·,·,·,·,·
2270,"Flint, MI",X,X,X,X,·,X,X,X,X,X,X,X,X,·,·,·,·
2271,"Floral Park, NY",·,·,·,·,·,·,·,·,·,X,·,·,·,·,·,·,·
2273,"Florence, AL",·,·,·,·,·,·,·,·,·,X,·,·,·,·,·,·,·
2274,"Florence, SC",·,·,·,·,·,·,·,·,·,X,·,·,·,·,·,·,·
2275,"Flushing, NY",·,·,·,·,·,·,·,·,·,·,·,·,·,·,X,·,·
2280,"Fond du Lac, WI",·,·,·,·,·,·,·,·,·,X,·,X,X,X,X,·,·
2281,"Forest Park, IL",·,·,·,·,·,·,·,·,·,X,·,·,·,·,·,·,·
2290,"Fort Lauderdale, FL",·,·,·,·,·,X,X,·,·,·,·,·,·,·,·,·,·
2300,"Fort Collins, CO",·,·,X,X,·,·,·,·,·,X,·,·,·,·,·,·,·
2301,"Fort Dodge, IA",·,·,·,·,·,·,·,·,·,X,·,X,X,·,·,·,·
2302,"Fort Madison, IA",·,·,·,·,·,·,·,·,·,X,·,·,·,·,·,·,·
2303,"Fort Scott, KS",·,·,·,·,·,·,·,·,·,X,·,X,X,·,·,·,·
2310,"Fort Smith, AR",·,·,·,·,·,·,·,·,·,X,X,X,X,·,·,·,·
2311,"Fort Thomas, KY",·,·,·,·,·,·,·,·,·,X,·,·,·,·,·,·,·
2330,"Fort Wayne, IN",·,·,X,X,·,X,X,X,X,X,X,X,X,X,X,·,·
2350,"Fort Worth, TX",·,·,·,·,·,X,X,X,X,X,X,X,X,·,·,·,·
2351,"Fostoria, OH",·,·,·,·,·,·,·,·,·,X,·,·,·,·,·,·,·
2352,"Framingham, MA",·,·,·,·,·,·,·,·,·,X,·,X,X,·,·,·,·
2353,"Frankfort, IN",·,·,·,·,·,·,·,·,·,X,·,·,·,·,·,·,·
2354,"Frankfort, KY",·,·,·,·,·,·,·,·,·,X,·,X,·,·,·,·,·
2355,"Franklin, PA",·,·,·,·,·,·,·,·,·,X,·,·,·,·,·,·,·
Code,Label,2021,2016,2011,2006,2000,1990,1980,1950,1940,1930,1920,1910,1900,1880,1870,1860,1850
,,acs,acs,acs,acs,1pct,1pct,1pct,1pct,1pct,1pct,1pct,1pct,1pct,1pct,1pct,1pct,1%+
2356,"Frederick, MD",·,·,·,·,·,·,·,·,·,X,·,X,·,·,·,·,·
2357,"Freeport, NY",·,·,·,·,·,·,·,·,·,X,·,·,·,·,·,·,·
2358,"Freeport, IL",·,·,·,·,·,·,·,·,·,X,·,X,X,·,·,·,·
2359,"Fremont, OH",·,·,·,·,·,·,·,·,·,X,·,·,·,·,·,·,·
2360,"Fremont, NE",·,·,·,·,·,·,·,·,·,X,·,·,·,·,·,·,·
2370,"Fresno, CA",·,·,X,X,·,X,X,X,X,X,X,X,X,·,·,·,·
2390,"Fullerton, CA",·,·,X,X,·,X,X,·,·,X,·,·,·,·,·,·,·
2391,"Fulton, NY",·,·,·,·,·,·,·,·,·,X,·,X,·,·,·,·,·
2392,"Gadsden, AL",·,·,·,·,·,·,·,·,·,X,·,X,·,·,·,·,·
2393,"Galena, KS",·,·,·,·,·,·,·,·,·,·,·,·,X,·,·,·,·
2394,"Gainesville, FL",·,·,·,·,·,·,·,·,·,·,·,·,·,·,·,·,·
2400,"Galesburg, IL",·,·,·,·,·,·,·,·,·,X,·,X,X,X,X,·,·
2410,"Galveston, TX",·,·,·,·,·,·,·,·,·,X,X,X,X,X,X,·,·
2411,"Gardner, MA",·,·,·,·,·,·,·,·,·,X,·,X,X,·,·,·,·
2430,"Garden Grove, CA",·,·,X,X,·,X,X,·,·,·,·,·,·,·,·,·,·
2435,"Gardena, CA",·,·,·,·,·,·,·,·,·,·,·,·,·,·,·,·,·
2440,"Garfield, NJ",·,·,·,·,·,·,·,·,·,X,·,X,·,·,·,·,·
2441,"Garfield Heights, OH",·,·,·,·,·,·,·,·,·,X,·,·,·,·,·,·,·
2450,"Garland, TX",·,·,X,X,·,X,X,·,·,·,·,·,·,·,·,·,·
2470,"Gary, IN",·,·,X,X,·,X,X,·,·,X,X,X,·,·,·,·,·
2471,"Gastonia, NC",·,·,·,·,·,·,·,·,·,X,·,·,·,·,·,·,·
2472,"Geneva, NY",·,·,·,·,·,·,·,·,·,X,·,X,X,·,·,·,·
,"Georgetown, DC (See Washington, DC)",,,,,,,,,,,,,,,,,
2473,"Glen Cove, NY",·,·,·,·,·,·,·,·,·,X,·,·,·,·,·,·,·
2489,"Glendale, AZ",X,X,·,·,·,X,·,·,·,·,·,·,·,·,·,·,·
Code,Label,2021,2016,2011,2006,2000,1990,1980,1950,1940,1930,1920,1910,1900,1880,1870,1860,1850
,,acs,acs,acs,acs,1pct,1pct,1pct,1pct,1pct,1pct,1pct,1pct,1pct,1pct,1pct,1pct,1%+
2490,"Glendale, CA",X,X,X,X,·,X,·,·,·,X,·,·,·,·,·,·,·
2491,"Glens Falls, NY",·,·,·,·,·,·,·,·,·,X,·,X,X,·,·,·,·
2510,"Gloucester, MA",·,·,·,·,·,·,·,·,·,X,·,X,X,X,·,·,·
2511,"Gloucester, NJ",·,·,·,·,·,·,·,·,·,X,·,·,·,·,·,·,·
2512,"Gloversville, NY",·,·,·,·,·,·,·,·,·,X,·,X,X,·,·,·,·
2513,"Goldsboro, NC",·,·,·,·,·,·,·,·,·,X,·,·,·,·,·,·,·
2514,"Goshen, IN",·,·,·,·,·,·,·,·,·,X,·,·,·,·,·,·,·
2515,"Grand Forks, ND",·,·,·,·,·,·,·,·,·,X,·,X,·,·,·,·,·
2516,"Grand Island, NE",·,·,·,·,·,·,·,·,·,X,·,X,·,·,·,·,·
2517,"Grand Junction, CO",·,·,·,·,·,·,·,·,·,X,·,·,·,·,·,·,·
2520,"Granite City, IL",·,·,·,·,·,·,·,·,·,X,·,·,·,·,·,·,·
2530,"Grand Rapids, MI",X,X,X,X,·,X,X,X,X,X,X,X,X,X,X,·,·
2531,"Grandville, MI",·,·,·,·,·,·,·,·,·,·,X,·,·,·,·,·,·
2540,"Great Falls, MT",·,·,·,·,·,·,·,·,·,X,·,X,X,·,·,·,·
2541,"Greeley, CO",·,·,·,·,·,·,·,·,·,X,·,·,·,·,·,·,·
2550,"Green Bay, WI",X,X,X,X,·,·,·,·,·,X,X,X,X,·,·,·,·
2551,"Greenfield, MA",·,·,·,·,·,·,·,·,·,X,·,X,·,·,·,·,·
2570,"Greensboro, NC",·,·,X,X,·,X,·,·,·,X,·,X,X,·,·,·,·
2571,"Greensburg, PA",·,·,·,·,·,·,·,·,·,X,·,X,·,·,·,·,·
2572,"Greenville, MS",·,·,·,·,·,·,·,·,·,X,·,·,·,·,·,·,·
2573,"Greenville, SC",·,·,·,·,·,·,·,·,·,X,·,X,X,·,·,·,·
2574,"Greenville, TX",·,·,·,·,·,·,·,·,·,X,·,·,·,·,·,·,·
2575,"Greenwich, CT",·,·,·,·,·,·,·,·,·,X,·,X,X,·,·,·,·
2576,"Greenwood, MS",·,·,·,·,·,·,·,·,·,X,·,·,·,·,·,·,·
2577,"Greenwood, SC",·,·,·,·,·,·,·,·,·,X,·,X,·,·,·,·,·
Code,Label,2021,2016,2011,2006,2000,1990,1980,1950,1940,1930,1920,1910,1900,1880,1870,1860,1850
,,acs,acs,acs,acs,1pct,1pct,1pct,1pct,1pct,1pct,1pct,1pct,1pct,1pct,1pct,1pct,1%+
2578,"Griffin, GA",·,·,·,·,·,·,·,·,·,X,·,·,·,·,·,·,·
2579,"Grosse Pointe Park, MI",·,·,·,·,·,·,·,·,·,X,·,·,·,·,·,·,·
2580,"Guaynabo, PR",·,·,·,·,·,·,·,·,·,·,·,·,·,·,·,·,·
2581,"Groton, CT",·,·,·,·,·,·,·,·,·,X,·,·,·,·,·,·,·
2582,"Gulfport, MS",·,·,·,·,·,·,·,·,·,X,·,·,·,·,·,·,·
2583,"Guthrie, OK",·,·,·,·,·,·,·,·,·,·,·,X,X,·,·,·,·
2584,"Hackensack, NJ",·,·,·,·,·,·,·,·,·,X,·,X,·,·,·,·,·
2590,"Hagerstown, MD",·,·,·,·,·,·,·,·,·,X,X,X,X,·,·,·,·
2591,"Hamden, CT",·,·,·,·,·,·,·,·,·,X,·,·,·,·,·,·,·
2610,"Hamilton, OH",·,·,·,·,·,·,·,X,X,X,X,X,X,X,X,·,·
2630,"Hammond, IN",·,·,·,·,·,·,·,·,·,X,X,X,X,·,·,·,·
2650,"Hampton, VA",X,X,X,X,·,·,·,·,·,·,·,·,·,·,·,·,·
2670,"Hamtramck village, MI",·,·,·,·,·,·,·,·,·,X,X,·,·,·,·,·,·
2680,"Hannibal, MO",·,·,·,·,·,·,·,·,·,X,·,X,X,X,X,·,·
2681,"Hanover, PA",·,·,·,·,·,·,·,·,·,X,·,·,·,·,·,·,·
2682,"Harlingen, TX",·,·,·,·,·,·,·,·,·,X,·,·,·,·,·,·,·
2683,"Hanover township, Luzerne county, PA",·,·,·,·,·,·,·,·,·,·,·,·,·,·,·,·,·
2690,"Harrisburg, PA",·,·,·,·,·,·,·,·,·,X,X,X,X,X,X,X,·
2691,"Harrisburg, IL",·,·,·,·,·,·,·,·,·,X,·,·,·,·,·,·,·
2692,"Harrison, NJ",·,·,·,·,·,·,·,·,·,X,·,X,X,·,·,·,·
2693,"Harrison, PA",·,·,·,·,·,·,·,·,·,·,·,·,·,·,·,·,·
2710,"Hartford, CT",X,X,X,X,·,X,X,X,X,X,X,X,X,X,X,X,X
2711,"Harvey, IL",·,·,·,·,·,·,·,·,·,X,·,·,·,·,·,·,·
2712,"Hastings, NE",·,·,·,·,·,·,·,·,·,X,·,·,·,·,·,·,·
2713,"Hattiesburg, MS",·,·,·,·,·,·,·,·,·,X,·,X,·,·,·,·,·
Code,Label,2021,2016,2011,2006,2000,1990,1980,1950,1940,1930,1920,1910,1900,1880,1870,1860,1850
,,acs,acs,acs,acs,1pct,1pct,1pct,1pct,1pct,1pct,1pct,1pct,1pct,1pct,1pct,1pct,1%+
2725,"Haverford, PA",·,·,·,·,·,·,·,·,·,·,·,·,·,·,·,·,·
2730,"Haverhill, MA",·,·,·,·,·,·,·,·,·,X,X,X,X,X,X,·,·
2731,"Hawthorne, NJ",·,·,·,·,·,·,·,·,·,X,·,·,·,·,·,·,·
2740,"Hayward, CA",·,·,·,·,·,X,·,·,·,·,·,·,·,·,·,·,·
2750,"Hazleton, PA",·,·,·,·,·,·,·,·,·,X,X,X,X,·,·,·,·
2751,"Helena, MT",·,·,·,·,·,·,·,·,·,X,·,X,X,·,·,·,·
2752,"Hempstead, NY",·,·,·,·,·,·,·,·,·,X,·,·,·,·,·,·,·
2753,"Henderson, KY",·,·,·,·,·,·,·,·,·,X,·,X,X,·,·,·,·
2754,"Herkimer, NY",·,·,·,·,·,·,·,·,·,X,·,·,·,·,·,·,·
2755,"Herrin, IL",·,·,·,·,·,·,·,·,·,·,·,·,·,·,·,·,·
2756,"Hibbing, MN",·,·,·,·,·,·,·,·,·,X,·,·,·,·,·,·,·
2757,"Henderson, NV",·,·,X,X,·,·,·,·,·,·,·,·,·,·,·,·,·
2770,"Hialeah, FL",·,·,·,·,·,X,X,·,·,·,·,·,·,·,·,·,·
2780,"High Point, NC",·,·,·,·,·,·,·,·,·,X,·,·,·,·,·,·,·
2781,"Highland Park, IL",·,·,·,·,·,·,·,·,·,X,·,·,·,·,·,·,·
2790,"Highland Park, MI",·,·,·,·,·,·,·,·,·,X,X,·,·,·,·,·,·
2791,"Hilo, HI",·,·,·,·,·,·,·,·,·,X,·,·,·,·,·,·,·
2792,"Hillside, NJ",·,·,·,·,·,·,·,·,·,·,·,·,·,·,·,·,·
2810,"Hoboken, NJ",·,·,·,·,·,·,·,·,·,X,X,X,X,X,X,·,·
2811,"Holland, MI",·,·,·,·,·,·,·,·,·,X,·,X,·,·,·,·,·
2830,"Hollywood, FL",·,·,·,·,·,X,X,·,·,·,·,·,·,·,·,·,·
2850,"Holyoke, MA",·,·,·,·,·,·,·,·,·,X,X,X,X,X,·,·,·
2851,"Homestead, PA",·,·,·,·,·,·,·,·,·,X,·,X,X,·,·,·,·
2870,"Honolulu, HI",·,·,·,·,·,X,X,·,·,X,X,X,·,·,·,·,·
2871,"Hopewell, VA",·,·,·,·,·,·,·,·,·,X,·,·,·,·,·,·,·
Code,Label,2021,2016,2011,2006,2000,1990,1980,1950,1940,1930,1920,1910,1900,1880,1870,1860,1850
,,acs,acs,acs,acs,1pct,1pct,1pct,1pct,1pct,1pct,1pct,1pct,1pct,1pct,1pct,1pct,1%+
2872,"Hopkinsville, KY",·,·,·,·,·,·,·,·,·,X,·,·,·,·,·,·,·
2873,"Hoquiam, WA",·,·,·,·,·,·,·,·,·,X,·,·,·,·,·,·,·
2874,"Hornell, NY",·,·,·,·,·,·,·,·,·,X,·,X,X,·,·,·,·
2875,"Hot Springs, AR",·,·,·,·,·,·,·,·,·,X,·,X,·,·,·,·,·
2890,"Houston, TX",·,·,X,X,·,X,X,X,X,X,X,X,X,X,·,·,·
2891,"Hudson, NY",·,·,·,·,·,·,·,·,·,X,·,X,·,·,·,·,·
2892,"Huntington, IN",·,·,·,·,·,·,·,·,·,X,·,X,·,·,·,·,·
2910,"Huntington, WV",·,·,·,·,·,·,·,·,·,X,X,X,X,·,·,·,·
2930,"Huntington Beach, CA",X,X,X,X,·,X,X,·,·,X,·,·,·,·,·,·,·
2950,"Huntsville, AL",·,·,X,X,·,·,X,·,·,X,·,·,·,·,·,·,·
2951,"Huron, SD",·,·,·,·,·,·,·,·,·,X,·,·,·,·,·,·,·
2960,"Hutchinson, KS",·,·,·,·,·,·,·,·,·,X,·,X,·,·,·,·,·
2961,"Hyde Park, MA",·,·,·,·,·,·,·,·,·,·,·,X,X,·,·,·,·
2962,"Ilion, NY",·,·,·,·,·,·,·,·,·,·,·,·,·,·,·,·,·
2963,"Independence, KS",·,·,·,·,·,·,·,·,·,X,·,X,·,·,·,·,·
2970,"Independence, MO",·,·,X,X,·,X,X,·,·,X,·,·,·,·,·,·,·
2990,"Indianapolis, IN",X,X,X,X,X,X,X,X,X,X,X,X,X,X,X,X,·
3010,"Inglewood, CA",X,X,X,X,·,X,·,·,·,X,·,·,·,·,·,·,·
3011,"Iowa City, IA",·,·,·,·,·,·,·,·,·,X,·,X,·,·,·,·,·
3012,"Iron Mountain, MI",·,·,·,·,·,·,·,·,·,X,·,·,·,·,·,·,·
3013,"Ironton, OH",·,·,·,·,·,·,·,·,·,X,·,X,X,·,·,·,·
3014,"Ironwood, MI",·,·,·,·,·,·,·,·,·,X,·,X,·,·,·,·,·
3015,"Irondequoit, NY",·,·,·,·,·,·,·,·,·,·,·,·,·,·,·,·,·
3020,"Irvine, CA",·,·,X,X,·,·,·,·,·,·,·,·,·,·,·,·,·
3030,"Irving, TX",·,·,X,X,·,X,X,·,·,·,·,·,·,·,·,·,·
Code,Label,2021,2016,2011,2006,2000,1990,1980,1950,1940,1930,1920,1910,1900,1880,1870,1860,1850
,,acs,acs,acs,acs,1pct,1pct,1pct,1pct,1pct,1pct,1pct,1pct,1pct,1pct,1pct,1pct,1%+
3050,"Irvington, NJ",·,·,·,·,·,·,·,·,·,X,X,X,·,·,·,·,·
3051,"Ishpeming, MI",·,·,·,·,·,·,·,·,·,·,·,X,X,·,·,·,·
3052,"Ithaca, NY",·,·,·,·,·,·,·,·,·,X,·,X,X,·,·,·,·
3070,"Jackson, MI",·,·,·,·,·,·,·,·,·,X,X,X,X,X,X,·,·
3071,"Jackson, MN",·,·,·,·,·,·,·,·,·,·,·,·,·,·,·,·,·
3090,"Jackson, MS",·,·,X,X,·,X,X,·,·,X,·,X,·,·,·,·,·
3091,"Jackson, TN",·,·,·,·,·,·,·,·,·,X,·,X,X,·,·,·,·
3110,"Jacksonville, FL",X,X,·,·,·,X,X,X,X,X,X,X,X,·,·,·,·
3111,"Jacksonville, IL",·,·,·,·,·,·,·,·,·,X,·,X,X,X,·,·,·
3130,"Jamestown, NY",·,·,·,·,·,·,·,·,·,X,X,X,X,·,·,·,·
3131,"Janesville, WI",·,·,·,·,·,·,·,·,·,X,·,X,X,·,·,·,·
3132,"Jeannette, PA",·,·,·,·,·,·,·,·,·,X,·,·,·,·,·,·,·
3133,"Jefferson City, MO",·,·,·,·,·,·,·,·,·,X,·,X,·,·,·,·,·
3134,"Jeffersonville, IN",·,·,·,·,·,·,·,·,·,X,·,X,X,·,·,·,·
3150,"Jersey City, NJ",X,X,X,X,·,X,X,·,·,X,X,X,X,X,X,X,·
3151,"Johnson City, NY",·,·,·,·,·,·,·,·,·,X,·,·,·,·,·,·,·
3160,"Johnson City, TN",·,·,·,·,·,·,·,·,·,X,·,·,·,·,·,·,·
3161,"Johnstown, NY",·,·,·,·,·,·,·,·,·,X,·,X,X,·,·,·,·
3170,"Johnstown, PA",·,·,·,·,·,·,·,·,·,X,X,X,X,·,·,·,·
3190,"Joliet, IL",·,·,·,·,·,·,·,·,·,X,X,X,X,X,·,·,·
3191,"Jonesboro, AR",·,·,·,·,·,·,·,·,·,X,·,·,·,·,·,·,·
3210,"Joplin, MO",·,·,·,·,·,·,·,·,·,X,X,X,X,·,·,·,·
3230,"Kalamazoo, MI",·,·,·,·,·,·,·,·,·,X,X,X,X,X,·,·,·
3231,"Kankakee, IL",·,·,·,·,·,·,·,·,·,X,·,X,X,·,·,·,·
3250,"Kansas City, KS",X,X,X,X,·,X,·,·,·,X,X,X,X,·,·,·,·
Code,Label,2021,2016,2011,2006,2000,1990,1980,1950,1940,1930,1920,1910,1900,1880,1870,1860,1850
,,acs,acs,acs,acs,1pct,1pct,1pct,1pct,1pct,1pct,1pct,1pct,1pct,1pct,1pct,1pct,1%+
3260,"Kansas City, MO",·,·,X,X,X,·,X,X,X,X,X,X,X,X,X,·,·
3270,"Kearney, NJ",·,·,·,·,·,·,·,·,·,X,X,X,X,·,·,·,·
3271,"Keene, NH",·,·,·,·,·,·,·,·,·,X,·,X,·,·,·,·,·
3272,"Kenmore, NY",·,·,·,·,·,·,·,·,·,X,·,·,·,·,·,·,·
3273,"Kenmore, OH",·,·,·,·,·,·,·,·,·,·,·,·,·,·,·,·,·
3290,"Kenosha, WI",·,·,·,·,·,·,·,·,·,X,X,X,X,·,·,·,·
3291,"Keokuk, IA",·,·,·,·,·,·,·,·,·,X,·,X,X,X,X,·,·
3292,"Kewanee, IL",·,·,·,·,·,·,·,·,·,X,·,·,·,·,·,·,·
3293,"Key West, FL",·,·,·,·,·,·,·,·,·,X,·,X,X,·,·,·,·
3294,"Kingsport, TN",·,·,·,·,·,·,·,·,·,X,·,·,·,·,·,·,·
3310,"Kingston, NY",·,·,·,·,·,·,·,·,·,X,X,X,X,X,·,·,·
3311,"Kingston, PA",·,·,·,·,·,·,·,·,·,X,·,·,·,·,·,·,·
3312,"Kinston, NC",·,·,·,·,·,·,·,·,·,X,·,·,·,·,·,·,·
3313,"Klamath Falls, OR",·,·,·,·,·,·,·,·,·,X,·,·,·,·,·,·,·
3330,"Knoxville, TN",·,·,X,X,·,·,X,X,X,X,X,X,X,·,·,·,·
3350,"Kokomo, IN",·,·,·,·,·,·,·,·,·,X,X,X,X,·,·,·,·
3370,"La Crosse, WI",·,·,·,·,·,·,·,·,·,X,X,X,X,X,·,·,·
3380,"Lafayette, IN",·,·,·,·,·,·,·,·,·,X,·,X,X,X,X,·,·
3390,"Lafayette, LA",·,·,X,X,·,·,·,·,·,X,·,·,·,·,·,·,X
3391,"La Grange, IL",·,·,·,·,·,·,·,·,·,X,·,X,·,·,·,·,·
3392,"La Grange, GA",·,·,·,·,·,·,·,·,·,X,·,·,·,·,·,·,·
3393,"La Porte, IN",·,·,·,·,·,·,·,·,·,X,·,X,·,·,·,·,·
3394,"La Salle, IL",·,·,·,·,·,·,·,·,·,X,·,X,X,·,·,·,·
3395,"Lackawanna, NY",·,·,·,·,·,·,·,·,·,X,·,X,·,·,·,·,·
3396,"Laconia, NH",·,·,·,·,·,·,·,·,·,X,·,X,·,·,·,·,·
Code,Label,2021,2016,2011,2006,2000,1990,1980,1950,1940,1930,1920,1910,1900,1880,1870,1860,1850
,,acs,acs,acs,acs,1pct,1pct,1pct,1pct,1pct,1pct,1pct,1pct,1pct,1pct,1pct,1pct,1%+
3400,"Lake Charles, LA",·,·,·,·,·,·,·,·,·,·,·,·,·,·,·,·,·
3405,"Lakeland, FL",·,·,·,·,·,·,·,·,·,·,·,·,·,·,·,·,·
3410,"Lakewood, CO",·,·,·,·,·,X,X,·,·,·,·,·,·,·,·,·,·
3430,"Lakewood, OH",·,·,·,·,·,·,·,·,·,X,X,X,·,·,·,·,·
3440,"Lancaster, CA",·,·,X,X,·,·,·,·,·,·,·,·,·,·,·,·,·
3450,"Lancaster, PA",·,·,·,·,·,·,·,·,·,X,X,X,X,X,X,X,X
3451,"Lancaster, OH",·,·,·,·,·,·,·,·,·,X,·,X,·,·,·,·,·
3470,"Lansing, MI",·,·,X,X,·,·,·,X,X,X,X,X,X,·,·,·,·
3471,"Lansingburgh, NY",·,·,·,·,·,·,·,·,·,·,·,·,X,·,·,·,·
3480,"Laredo, TX",X,X,X,X,·,X,·,·,·,X,·,X,X,·,·,·,·
3481,"Latrobe, PA",·,·,·,·,·,·,·,·,·,X,·,·,·,·,·,·,·
3482,"Laurel, MS",·,·,·,·,·,·,·,·,·,X,·,·,·,·,·,·,·
3490,"Las Vegas, NV",·,·,X,X,X,X,X,·,·,·,·,·,·,·,·,·,·
3510,"Lawrence, MA",·,·,·,·,·,·,·,X,X,X,X,X,X,X,X,X,·
3511,"Lawrence, KS",·,·,·,·,·,·,·,·,·,X,·,X,X,·,·,·,·
3512,"Lawton, OK",X,X,·,·,·,·,·,·,·,X,·,·,·,·,·,·,·
3513,"Leadville, CO",·,·,·,·,·,·,·,·,·,·,·,·,X,X,·,·,·
3520,"Leavenworth, KS",·,·,·,·,·,·,·,·,·,X,·,X,X,X,X,·,·
3521,"Lebanon, PA",·,·,·,·,·,·,·,·,·,X,·,X,X,·,·,·,·
3522,"Leominster, MA",·,·,·,·,·,·,·,·,·,X,·,X,X,·,·,·,·
3530,"Lehigh, PA",·,·,·,·,·,·,·,·,·,·,·,·,·,·,X,·,·
3550,"Lewiston, ME",·,·,·,·,·,·,·,·,·,X,X,X,X,X,X,·,·
3551,"Lewistown, PA",·,·,·,·,·,·,·,·,·,X,·,·,·,·,·,·,·
3560,"Lewisville, TX",X,X,·,·,·,·,·,·,·,·,·,·,·,·,·,·,·
3570,"Lexington, KY",·,·,·,·,·,·,·,·,·,X,X,X,X,X,X,·,·
Code,Label,2021,2016,2011,2006,2000,1990,1980,1950,1940,1930,1920,1910,1900,1880,1870,1860,1850
,,acs,acs,acs,acs,1pct,1pct,1pct,1pct,1pct,1pct,1pct,1pct,1pct,1pct,1pct,1pct,1%+
3590,"Lexington-Fayette, KY",X,X,X,X,·,X,X,·,·,·,·,·,·,·,·,·,·
3610,"Lima, OH",·,·,·,·,·,·,·,·,·,X,X,X,X,·,·,·,·
3630,"Lincoln, NE",X,X,X,X,·,·,·,·,·,X,X,X,X,X,·,·,·
3631,"Lincoln, IL",·,·,·,·,·,·,·,·,·,X,·,X,·,·,·,·,·
3632,"Lincoln Park, MI",·,·,·,·,·,·,·,·,·,X,·,·,·,·,·,·,·
3633,"Lincoln, RI",·,·,·,·,·,·,·,·,·,X,·,·,·,X,·,·,·
3634,"Linden, NJ",·,·,·,·,·,·,·,·,·,X,·,·,·,·,·,·,·
3635,"Little Falls, NY",·,·,·,·,·,·,·,·,·,X,·,X,X,·,·,·,·
3638,"Lodi, NJ",·,·,·,·,·,·,·,·,·,X,·,·,·,·,·,·,·
3639,"Logansport, IN",·,·,·,·,·,·,·,·,·,X,·,X,X,X,·,·,·
3650,"Little Rock, AR",X,X,X,X,·,·,·,X,X,X,X,X,X,X,X,·,·
3670,"Livonia, MI",·,·,X,X,·,X,X,·,·,·,·,·,·,·,·,·,·
3680,"Lockport, NY",·,·,·,·,·,·,·,·,·,X,·,X,X,X,X,·,·
3690,"Long Beach, CA",X,X,X,X,X,X,X,·,·,X,X,X,·,·,·,·,·
3691,"Long Branch, NJ",·,·,·,·,·,·,·,·,·,X,·,X,·,·,·,·,·
3692,"Long Island City, NY",·,·,·,·,·,·,·,·,·,·,·,·,·,X,·,·,·
3693,"Longview, WA",·,·,·,·,·,·,·,·,·,X,·,·,·,·,·,·,·
3710,"Lorain, OH",·,·,·,·,·,·,·,X,X,X,X,X,X,·,·,·,·
3730,"Los Angeles, CA",X,X,X,X,X,X,X,X,X,X,X,X,X,X,·,·,·
3750,"Louisville, KY",·,·,·,·,·,X,X,X,X,X,X,X,X,X,X,X,X
3765,"Lower Merion, PA",·,·,·,·,·,·,·,·,·,·,·,·,·,·,·,·,·
3770,"Lowell, MA",X,X,X,X,·,X,·,X,X,X,X,X,X,X,X,X,X
3771,"Lubbock, TX",·,·,·,·,·,·,·,·,·,X,·,·,·,·,·,·,·
3772,"Lynbrook, NY",·,·,·,·,·,·,·,·,·,X,·,·,·,·,·,·,·
3790,"Lynchburg, VA",·,·,·,·,·,·,·,·,·,X,X,X,X,X,·,·,·
Code,Label,2021,2016,2011,2006,2000,1990,1980,1950,1940,1930,1920,1910,1900,1880,1870,1860,1850
,,acs,acs,acs,acs,1pct,1pct,1pct,1pct,1pct,1pct,1pct,1pct,1pct,1pct,1pct,1pct,1%+
3800,"Lyndhurst, NJ",·,·,·,·,·,·,·,·,·,·,·,·,·,·,·,·,·
3810,"Lynn, MA",·,·,·,·,·,·,·,·,·,X,X,X,X,X,X,X,X
3830,"Macon, GA",·,·,·,·,·,·,X,·,·,X,X,X,X,X,X,·,·
3850,"Madison, IN",·,·,·,·,·,·,·,·,·,·,·,·,·,·,X,·,·
3870,"Madison, WI",·,·,X,X,·,·,X,X,X,X,X,X,X,X,·,·,·
3871,"Mahanoy City, PA",·,·,·,·,·,·,·,·,·,X,·,X,X,·,·,·,·
3890,"Malden, MA",·,·,·,·,·,·,·,·,·,X,X,X,X,X,·,·,·
3891,"Mamaroneck, NY",·,·,·,·,·,·,·,·,·,X,·,·,·,·,·,·,·
3910,"Manchester, NH",X,X,X,X,·,X,·,·,·,X,X,X,X,X,X,X,X
3911,"Manchester, CT",·,·,·,·,·,·,·,·,·,X,·,X,X,·,·,·,·
3912,"Manhattan, KS",·,·,·,·,·,·,·,·,·,X,·,·,·,·,·,·,·
3913,"Manistee, MI",·,·,·,·,·,·,·,·,·,·,·,X,X,·,·,·,·
3914,"Manitowoc, WI",·,·,·,·,·,·,·,·,·,X,·,X,X,·,·,·,·
3915,"Mankato, MN",·,·,·,·,·,·,·,·,·,X,·,X,X,·,·,·,·
3929,"Maplewood, NJ",·,·,·,·,·,·,·,·,·,·,·,·,·,·,·,·,·
3930,"Mansfield, OH",·,·,·,·,·,·,·,·,·,X,X,X,X,·,·,·,·
3931,"Maplewood, MO",·,·,·,·,·,·,·,·,·,X,·,·,·,·,·,·,·
3932,"Marietta, OH",·,·,·,·,·,·,·,·,·,X,·,X,X,·,·,·,·
3933,"Marinette, WI",·,·,·,·,·,·,·,·,·,X,·,X,X,·,·,·,·
3934,"Marion, IN",·,·,·,·,·,·,·,·,·,X,·,X,X,·,·,·,·
3940,"Maywood, IL",·,·,·,·,·,·,·,·,·,X,·,·,·,·,·,·,·
3950,"Marion, OH",·,·,·,·,·,·,·,·,·,X,X,X,X,·,·,·,·
3951,"Marlborough, MA",·,·,·,·,·,·,·,·,·,X,·,X,X,X,·,·,·
3952,"Marquette, MI",·,·,·,·,·,·,·,·,·,X,·,X,X,·,·,·,·
3953,"Marshall, TX",·,·,·,·,·,·,·,·,·,X,·,X,·,·,·,·,·
Code,Label,2021,2016,2011,2006,2000,1990,1980,1950,1940,1930,1920,1910,1900,1880,1870,1860,1850
,,acs,acs,acs,acs,1pct,1pct,1pct,1pct,1pct,1pct,1pct,1pct,1pct,1pct,1pct,1pct,1%+
3954,"Marshalltown, IA",·,·,·,·,·,·,·,·,·,X,·,X,X,·,·,·,·
3955,"Martins Ferry, OH",·,·,·,·,·,·,·,·,·,X,·,·,·,·,·,·,·
3956,"Martinsburg, WV",·,·,·,·,·,·,·,·,·,X,·,X,·,·,·,·,·
3957,"Mason City, IA",·,·,·,·,·,·,·,·,·,X,·,X,·,·,·,·,·
3958,"Massena, NY",·,·,·,·,·,·,·,·,·,X,·,·,·,·,·,·,·
3959,"Massillon, OH",·,·,·,·,·,·,·,·,·,X,·,X,X,·,·,·,·
3960,"McAllen, TX",X,X,X,X,·,·,·,·,·,·,·,·,·,·,·,·,·
3961,"Mattoon, IL",·,·,·,·,·,·,·,·,·,X,·,X,·,·,·,·,·
3962,"Mcalester, OK",·,·,·,·,·,·,·,·,·,X,·,X,·,·,·,·,·
3963,"Mccomb, MS",·,·,·,·,·,·,·,·,·,X,·,·,·,·,·,·,·
3964,"Mckees Rocks, PA",·,·,·,·,·,·,·,·,·,X,·,X,·,·,·,·,·
3970,"McKeesport, PA",·,·,·,·,·,·,·,·,·,X,X,X,X,·,·,·,·
3971,"Meadville, PA",·,·,·,·,·,·,·,·,·,X,·,X,X,·,·,·,·
3990,"Medford, MA",·,·,·,·,·,·,·,·,·,X,X,X,X,·,·,·,·
3991,"Medford, OR",·,·,·,·,·,·,·,·,·,X,·,·,·,·,·,·,·
3992,"Melrose, MA",·,·,·,·,·,·,·,·,·,X,·,X,X,·,·,·,·
3993,"Melrose Park, IL",·,·,·,·,·,·,·,·,·,X,·,·,·,·,·,·,·
4010,"Memphis, TN",·,·,X,X,·,X,X,X,X,X,X,X,X,X,X,X,·
4011,"Menominee, MI",·,·,·,·,·,·,·,·,·,X,·,X,X,·,·,·,·
4030,"Meriden, CT",·,·,·,·,·,·,·,·,·,X,X,X,X,X,·,·,·
4040,"Meridian, MS",·,·,·,·,·,·,·,·,·,X,·,X,X,·,·,·,·
4041,"Methuen, MA",·,·,·,·,·,·,·,·,·,X,·,X,·,·,·,·,·
4050,"Mesa, AZ",X,X,X,X,·,·,X,·,·,·,·,·,·,·,·,·,·
4070,"Mesquite, TX",·,·,X,X,·,X,·,·,·,·,·,·,·,·,·,·,·
4090,"Metairie, LA",X,X,X,X,·,X,X,·,·,·,·,·,·,·,·,·,·
Code,Label,2021,2016,2011,2006,2000,1990,1980,1950,1940,1930,1920,1910,1900,1880,1870,1860,1850
,,acs,acs,acs,acs,1pct,1pct,1pct,1pct,1pct,1pct,1pct,1pct,1pct,1pct,1pct,1pct,1%+
4110,"Miami, FL",X,X,X,X,·,X,X,X,X,X,X,·,·,·,·,·,·
4120,"Michigan City, IN",·,·,·,·,·,·,·,·,·,X,·,X,X,·,·,·,·
4121,"Middlesboro, KY",·,·,·,·,·,·,·,·,·,X,·,·,·,·,·,·,·
4122,"Middletown, CT",·,·,·,·,·,·,·,·,·,X,·,X,X,X,·,·,·
4123,"Middletown, NY",·,·,·,·,·,·,·,·,·,X,·,X,X,·,·,·,·
4124,"Middletown, OH",·,·,·,·,·,·,·,·,·,X,·,X,·,·,·,·,·
4125,"Milford, CT",·,·,·,·,·,·,·,·,·,X,·,·,·,·,·,·,·
4126,"Milford, MA",·,·,·,·,·,·,·,·,·,X,·,X,X,·,·,·,·
4127,"Millville, NJ",·,·,·,·,·,·,·,·,·,X,·,X,X,·,·,·,·
4128,"Milton, MA",·,·,·,·,·,·,·,·,·,X,·,·,·,·,·,·,·
4130,"Milwaukee, WI",X,X,X,X,X,X,X,X,X,X,X,X,X,X,X,X,X
4150,"Minneapolis, MN",X,X,X,X,·,X,X,X,X,X,X,X,X,X,X,·,·
4151,"Minot, ND",·,·,·,·,·,·,·,·,·,X,·,·,·,·,·,·,·
4160,"Mishawaka, IN",·,·,·,·,·,·,·,·,·,X,·,X,·,·,·,·,·
4161,"Missoula, MT",·,·,·,·,·,·,·,·,·,X,·,X,·,·,·,·,·
4162,"Mitchell, SD",·,·,·,·,·,·,·,·,·,X,·,·,·,·,·,·,·
4163,"Moberly, MO",·,·,·,·,·,·,·,·,·,X,·,X,·,·,·,·,·
4170,"Mobile, AL",·,·,X,X,·,X,X,X,X,X,X,X,X,X,X,X,X
4190,"Modesto, CA",·,·,X,X,·,X,X,·,·,X,·,·,·,·,·,·,·
4210,"Moline, IL",·,·,·,·,·,·,·,·,·,X,X,X,X,·,·,·,·
4211,"Monessen, PA",·,·,·,·,·,·,·,·,·,X,·,X,·,·,·,·,·
4212,"Monroe, MI",·,·,·,·,·,·,·,·,·,X,·,·,·,·,·,·,·
4213,"Monroe, LA",·,·,·,·,·,·,·,·,·,X,·,X,·,·,·,·,·
4214,"Monrovia, CA",·,·,·,·,·,·,·,·,·,X,·,·,·,·,·,·,·
4230,"Montclair, NJ",·,·,·,·,·,·,·,·,·,X,X,X,X,·,·,·,·
Code,Label,2021,2016,2011,2006,2000,1990,1980,1950,1940,1930,1920,1910,1900,1880,1870,1860,1850
,,acs,acs,acs,acs,1pct,1pct,1pct,1pct,1pct,1pct,1pct,1pct,1pct,1pct,1pct,1pct,1%+
4250,"Montgomery, AL",·,·,X,X,·,X,·,·,·,X,X,X,X,X,X,·,·
4251,"Morgantown, WV",·,·,·,·,·,·,·,·,·,X,·,·,·,·,·,·,·
4252,"Morristown, NJ",·,·,·,·,·,·,·,·,·,X,·,X,X,·,·,·,·
4253,"Moundsville, WV",·,·,·,·,·,·,·,·,·,X,·,·,·,·,·,·,·
4254,"Mount Arlington, NJ",·,·,·,·,·,·,·,·,·,X,·,·,·,·,·,·,·
4255,"Mount Carmel, PA",·,·,·,·,·,·,·,·,·,X,·,X,X,·,·,·,·
4256,"Mount Clemens, MI",·,·,·,·,·,·,·,·,·,X,·,·,·,·,·,·,·
4260,"Mount Lebanon, PA",·,·,·,·,·,·,·,·,·,·,·,·,·,·,·,·,·
4270,"Moreno Valley, CA",X,X,X,X,·,X,·,·,·,·,·,·,·,·,·,·,·
4290,"Mount Vernon, NY",·,·,·,·,·,·,·,·,·,X,X,X,X,·,·,·,·
4291,"Mount Vernon, IL",·,·,·,·,·,·,·,·,·,X,·,·,·,·,·,·,·
4310,"Muncie, IN",·,·,·,·,·,·,·,X,X,X,X,X,X,·,·,·,·
4311,"Munhall, PA",·,·,·,·,·,·,·,·,·,X,·,·,·,·,·,·,·
4312,"Murphysboro, IL",·,·,·,·,·,·,·,·,·,·,·,·,·,·,·,·,·
4313,"Muscatine, IA",·,·,·,·,·,·,·,·,·,X,·,·,X,·,·,·,·
4330,"Muskegon, MI",·,·,·,·,·,·,·,·,·,X,X,X,X,X,·,·,·
4331,"Muskegon Heights, MI",·,·,·,·,·,·,·,·,·,X,·,·,·,·,·,·,·
4350,"Muskogee, OK",·,·,·,·,·,·,·,·,·,X,X,X,·,·,·,·,·
4351,"Nanticoke, PA",·,·,·,·,·,·,·,·,·,X,·,X,X,·,·,·,·
4370,"Nantucket, MA",·,·,·,·,·,·,·,·,·,·,·,·,·,·,·,·,·
4390,"Nashua, NH",·,·,·,·,·,·,·,·,·,X,X,X,X,X,X,X,·
4410,"Nashville-Davidson, TN",X,X,X,X,·,X,X,·,·,·,·,·,·,·,·,·,·
4411,"Nashville, TN",·,·,·,·,·,·,·,X,X,X,X,X,X,X,X,X,X
4413,"Natchez, MS",·,·,·,·,·,·,·,·,·,X,·,X,X,·,·,·,·
4414,"Natick, MA",·,·,·,·,·,·,·,·,·,X,·,·,·,·,·,·,·
Code,Label,2021,2016,2011,2006,2000,1990,1980,1950,1940,1930,1920,1910,1900,1880,1870,1860,1850
,,acs,acs,acs,acs,1pct,1pct,1pct,1pct,1pct,1pct,1pct,1pct,1pct,1pct,1pct,1pct,1%+
4415,"Naugatuck, CT",·,·,·,·,·,·,·,·,·,X,·,X,X,·,·,·,·
4416,"Needham, MA",·,·,·,·,·,·,·,·,·,X,·,·,·,·,·,·,·
4420,"Neptune, NJ",·,·,·,·,·,·,·,·,·,·,·,·,·,·,·,·,·
4430,"New Albany, IN",·,·,·,·,·,·,·,·,·,X,·,X,X,X,X,X,·
4450,"New Bedford, MA",·,·,·,·,·,·,·,X,X,X,X,X,X,X,X,X,X
4451,"New Bern, NC",·,·,·,·,·,·,·,·,·,X,·,·,·,·,·,·,·
4452,"New Brighton, NY",·,·,·,·,·,·,·,·,·,·,·,·,·,X,·,·,·
4470,"New Britain, CT",·,·,·,·,·,·,·,·,·,X,X,X,X,X,·,·,·
4490,"New Brunswick, NJ",·,·,·,·,·,·,·,·,·,X,X,X,X,X,X,X,·
4510,"New Castle, PA",·,·,·,·,·,·,·,·,·,X,X,X,X,·,·,·,·
4511,"New Castle, IN",·,·,·,·,·,·,·,·,·,X,·,·,·,·,·,·,·
4530,"New Haven, CT",X,X,X,X,·,X,·,X,X,X,X,X,X,X,X,X,X
4550,"New London, CT",·,·,·,·,·,·,·,·,·,X,X,X,X,X,·,X,·
4570,"New Orleans, LA",X,X,·,·,X,X,X,X,X,X,X,X,X,X,X,X,X
4571,"New Philadelphia, OH",·,·,·,·,·,·,·,·,·,X,·,·,·,·,·,·,·
4590,"New Rochelle, NY",·,·,·,·,·,·,·,·,·,X,X,X,X,·,·,·,·
4610,"New York, NY",X,X,X,X,X,X,X,X,X,X,X,X,X,X,X,X,X
4611,"Brooklyn, NY",·,·,·,·,·,·,·,·,·,·,·,·,·,X,X,X,X
4630,"Newark, NJ",X,X,X,X,·,X,X,·,·,X,X,X,X,X,X,X,X
4650,"Newark, OH",·,·,·,·,·,·,·,·,·,X,X,X,X,·,·,·,·
4670,"Newburgh, NY",·,·,·,·,·,·,·,·,·,X,X,X,X,X,X,X,·
4690,"Newburyport, MA",·,·,·,·,·,·,·,·,·,X,·,X,X,X,X,X,·
4710,"Newport, KY",·,·,·,·,·,·,·,·,·,X,X,X,X,X,X,X,·
4730,"Newport, RI",·,·,·,·,·,·,·,·,·,X,X,X,X,X,X,X,·
4750,"Newport News, VA",X,X,X,X,·,·,X,·,·,X,X,X,X,·,·,·,·
Code,Label,2021,2016,2011,2006,2000,1990,1980,1950,1940,1930,1920,1910,1900,1880,1870,1860,1850
,,acs,acs,acs,acs,1pct,1pct,1pct,1pct,1pct,1pct,1pct,1pct,1pct,1pct,1pct,1pct,1%+
4770,"Newton, MA",·,·,·,·,·,·,·,·,·,X,X,X,X,X,·,·,·
4771,"Newton, IA",·,·,·,·,·,·,·,·,·,X,·,·,·,·,·,·,·
4772,"Newton, KS",·,·,·,·,·,·,·,·,·,X,·,·,·,·,·,·,·
4790,"Niagara Falls, NY",·,·,·,·,·,·,·,·,·,X,X,X,X,·,·,·,·
4791,"Niles, MI",·,·,·,·,·,·,·,·,·,X,·,·,·,·,·,·,·
4792,"Niles, OH",·,·,·,·,·,·,·,·,·,X,·,·,·,·,·,·,·
4810,"Norfolk, VA",·,·,X,X,·,·,X,X,X,X,X,X,X,X,X,X,X
4811,"Norfolk, NE",·,·,·,·,·,·,·,·,·,X,·,·,·,·,·,·,·
4820,"North Las Vegas, NV",·,·,X,X,·,·,·,·,·,·,·,·,·,·,·,·,·
,"Northern Liberties, PA (See Philadelphia)",,,,,,,,,,,,,,,,,
4830,"Norristown Boro, PA",·,·,·,·,·,·,·,·,·,X,X,X,X,X,X,·,·
4831,"North Adams, MA",·,·,·,·,·,·,·,·,·,X,·,X,X,X,·,·,·
4832,"North Attleborough, MA",·,·,·,·,·,·,·,·,·,X,·,·,·,·,·,·,·
4833,"North Bennington, VT",·,·,·,·,·,·,·,·,·,X,·,·,·,·,·,·,·
4834,"North Braddock, PA",·,·,·,·,·,·,·,·,·,X,·,X,·,·,·,·,·
4835,"North Branford, CT",·,·,·,·,·,·,·,·,·,·,·,·,X,·,·,·,·
4836,"North Haven, CT",·,·,·,·,·,·,·,·,·,·,·,·,X,·,·,·,·
4837,"North Little Rock, AR",·,·,·,·,·,·,·,·,·,X,·,·,·,·,·,·,·
4838,"North Platte, NE",·,·,·,·,·,·,·,·,·,X,·,·,·,·,·,·,·
4839,"North Providence, RI",·,·,·,·,·,·,·,·,·,X,·,·,·,·,·,·,·
4840,"Northampton, MA",·,·,·,·,·,·,·,·,·,X,·,X,X,X,·,·,·
4841,"North Tonawanda, NY",·,·,·,·,·,·,·,·,·,X,·,X,·,·,·,·,·
4842,"North Yakima, WA",·,·,·,·,·,·,·,·,·,·,·,X,·,·,·,·,·
4843,"Northbridge, MA",·,·,·,·,·,·,·,·,·,·,·,·,·,·,·,·,·
4845,"North Bergen, NJ",·,·,·,·,·,·,·,·,·,·,·,·,·,·,·,·,·
Code,Label,2021,2016,2011,2006,2000,1990,1980,1950,1940,1930,1920,1910,1900,1880,1870,1860,1850
,,acs,acs,acs,acs,1pct,1pct,1pct,1pct,1pct,1pct,1pct,1pct,1pct,1pct,1pct,1pct,1%+
4860,"Norwalk, CA",·,·,X,X,·,·,·,·,·,·,·,·,·,·,·,·,·
4870,"Norwalk, CT",·,·,·,·,·,·,·,·,·,X,X,X,X,X,·,·,·
4890,"Norwich, CT",·,·,·,·,·,·,·,·,·,X,X,X,X,X,X,X,X
4900,"Norwood, OH",·,·,·,·,·,·,·,·,·,X,·,X,·,·,·,·,·
4901,"Norwood, MA",·,·,·,·,·,·,·,·,·,X,·,·,·,·,·,·,·
4902,"Nutley, NJ",·,·,·,·,·,·,·,·,·,X,·,·,·,·,·,·,·
4905,"Oak Park, IL",·,·,·,·,·,·,·,·,·,·,·,·,·,·,·,·,·
4910,"Oak Park Village, IL",·,·,·,·,·,·,·,·,·,X,X,X,·,·,·,·,·
4930,"Oakland, CA",X,X,X,X,·,X,X,·,·,X,X,X,X,X,X,·,·
4950,"Oceanside, CA",·,·,·,·,·,X,·,·,·,·,·,·,·,·,·,·,·
4970,"Ogden, UT",·,·,·,·,·,·,·,·,·,X,X,X,X,·,·,·,·
4971,"Ogdensburg, NY",·,·,·,·,·,·,·,·,·,X,·,X,X,X,X,·,·
4972,"Oil City, PA",·,·,·,·,·,·,·,·,·,X,·,X,X,·,·,·,·
4990,"Oklahoma City, OK",·,·,X,X,X,X,X,X,X,X,X,X,X,·,X,·,·
4991,"Okmulgee, OK",·,·,·,·,·,·,·,·,·,X,·,·,·,·,·,·,·
4992,"Old Bennington, VT",·,·,·,·,·,·,·,·,·,X,·,·,·,·,·,·,·
4993,"Old Forge, PA",·,·,·,·,·,·,·,·,·,X,·,X,·,·,·,·,·
4994,"Olean, NY",·,·,·,·,·,·,·,·,·,X,·,X,·,·,·,·,·
4995,"Olympia, WA",·,·,·,·,·,·,·,·,·,X,·,·,·,·,·,·,·
4996,"Olyphant, PA",·,·,·,·,·,·,·,·,·,X,·,·,·,·,·,·,·
5010,"Omaha, NE",·,·,·,·,·,·,X,X,X,X,X,X,X,X,·,·,·
5011,"Oneida, NY",·,·,·,·,·,·,·,·,·,X,·,·,·,·,·,·,·
5012,"Oneonta, NY",·,·,·,·,·,·,·,·,·,X,·,·,·,·,·,·,·
5030,"Ontario, CA",X,X,X,X,·,X,·,·,·,·,·,·,·,·,·,·,·
5040,"Orange, CA",·,·,X,X,·,X,·,·,·,·,·,·,·,·,·,·,·
Code,Label,2021,2016,2011,2006,2000,1990,1980,1950,1940,1930,1920,1910,1900,1880,1870,1860,1850
,,acs,acs,acs,acs,1pct,1pct,1pct,1pct,1pct,1pct,1pct,1pct,1pct,1pct,1pct,1pct,1%+
5050,"Orange, NJ",·,·,·,·,·,·,·,·,·,X,X,X,X,X,·,·,·
5051,"Orange, CT",·,·,·,·,·,·,·,·,·,·,·,X,·,·,·,·,·
5070,"Orlando, FL",·,·,·,·,·,X,X,X,X,X,·,·,·,·,·,·,·
5090,"Oshkosh, WI",·,·,·,·,·,·,·,·,·,X,X,X,X,X,X,·,·
5091,"Oskaloosa, IA",·,·,·,·,·,·,·,·,·,X,·,·,·,·,·,·,·
5092,"Ossining, NY",·,·,·,·,·,·,·,·,·,X,·,X,·,·,·,·,·
5110,"Oswego, NY",·,·,·,·,·,·,·,·,·,X,·,X,X,X,X,X,X
5111,"Ottawa, IL",·,·,·,·,·,·,·,·,·,X,·,·,X,·,·,·,·
5112,"Ottumwa, IA",·,·,·,·,·,·,·,·,·,X,·,X,X,·,·,·,·
5113,"Owensboro, KY",·,·,·,·,·,·,·,·,·,X,·,X,X,·,·,·,·
5114,"Owosso, MI",·,·,·,·,·,·,·,·,·,X,·,·,·,·,·,·,·
5116,"Painesville, OH",·,·,·,·,·,·,·,·,·,X,·,·,·,·,·,·,·
5117,"Palestine, TX",·,·,·,·,·,·,·,·,·,X,·,X,·,·,·,·,·
5118,"Palo Alto, CA",·,·,·,·,·,·,·,·,·,X,·,·,·,·,·,·,·
5119,"Pampa, TX",·,·,·,·,·,·,·,·,·,X,·,·,·,·,·,·,·
5121,"Paris, TX",·,·,·,·,·,·,·,·,·,X,·,X,·,·,·,·,·
5122,"Park Ridge, IL",·,·,·,·,·,·,·,·,·,X,·,·,·,·,·,·,·
5123,"Parkersburg, WV",·,·,·,·,·,·,·,·,·,X,·,X,X,·,·,·,·
5124,"Parma, OH",·,·,·,·,·,·,·,·,·,X,·,·,·,·,·,·,·
5125,"Parsons, KS",·,·,·,·,·,·,·,·,·,X,·,X,·,·,·,·,·
5130,"Oxnard, CA",·,·,X,X,·,X,X,·,·,·,·,·,·,·,·,·,·
5140,"Palmdale, CA",X,X,X,X,·,·,·,·,·,·,·,·,·,·,·,·,·
5150,"Pasadena, CA",X,X,X,X,·,X,·,·,·,X,X,X,·,·,·,·,·
5170,"Pasadena, TX",·,·,X,X,·,X,·,·,·,·,·,·,·,·,·,·,·
5180,"Paducah, KY",·,·,·,·,·,·,·,·,·,X,·,X,X,·,·,·,·
Code,Label,2021,2016,2011,2006,2000,1990,1980,1950,1940,1930,1920,1910,1900,1880,1870,1860,1850
,,acs,acs,acs,acs,1pct,1pct,1pct,1pct,1pct,1pct,1pct,1pct,1pct,1pct,1pct,1pct,1%+
5190,"Passaic, NJ",·,·,·,·,·,·,·,·,·,X,X,X,X,·,·,·,·
5210,"Paterson, NJ",X,X,X,X,·,X,X,·,·,X,X,X,X,X,X,X,X
5230,"Pawtucket, RI",·,·,·,·,·,·,·,·,·,X,X,X,X,X,·,·,·
5231,"Peabody, MA",·,·,·,·,·,·,·,·,·,X,·,X,X,·,·,·,·
5232,"Peekskill, NY",·,·,·,·,·,·,·,·,·,X,·,X,X,·,·,·,·
5233,"Pekin, IL",·,·,·,·,·,·,·,·,·,X,·,·,·,·,·,·,·
5240,"Pembroke Pines, FL",·,·,X,X,·,·,·,·,·,·,·,·,·,·,·,·,·
5250,"Pensacola, FL",·,·,·,·,·,·,·,·,·,X,X,X,X,·,·,·,·
5255,"Pensauken, NJ",·,·,·,·,·,·,·,·,·,·,·,·,·,·,·,·,·
5269,"Peoria, AZ",·,·,X,X,·,·,·,·,·,·,·,·,·,·,·,·,·
5270,"Peoria, IL",·,·,X,X,·,X,X,X,X,X,X,X,X,X,X,X,·
5271,"Peoria Heights, IL",·,·,·,·,·,·,·,·,·,·,X,·,·,·,·,·,·
5290,"Perth Amboy, NJ",·,·,·,·,·,·,·,·,·,X,X,X,X,·,·,·,·
5291,"Peru, IN",·,·,·,·,·,·,·,·,·,X,·,X,·,·,·,·,·
5310,"Petersburg, VA",·,·,·,·,·,·,·,·,·,X,X,X,X,X,X,X,X
5311,"Phenix City, AL",·,·,·,·,·,·,·,·,·,X,·,·,·,·,·,·,·
5330,"Philadelphia, PA",X,X,X,X,X,X,X,X,X,X,X,X,X,X,X,X,X
5331,Kensington,·,·,·,·,·,·,·,·,·,X,·,·,·,·,·,·,X
5332,Moyamensing,·,·,·,·,·,·,·,·,·,·,·,·,·,·,·,·,X
5333,Northern Liberties,·,·,·,·,·,·,·,·,·,·,·,·,·,·,·,·,X
5334,Southwark,·,·,·,·,·,·,·,·,·,·,·,·,·,·,·,·,X
5335,Spring Garden,·,·,·,·,·,·,·,·,·,·,·,·,·,·,·,·,X
5341,"Phillipsburg, NJ",·,·,·,·,·,·,·,·,·,X,·,X,X,·,·,·,·
5350,"Phoenix, AZ",X,X,X,X,X,X,X,X,X,X,X,X,·,·,·,·,·
5351,"Phoenixville, PA",·,·,·,·,·,·,·,·,·,X,·,X,·,·,·,·,·
Code,Label,2021,2016,2011,2006,2000,1990,1980,1950,1940,1930,1920,1910,1900,1880,1870,1860,1850
,,acs,acs,acs,acs,1pct,1pct,1pct,1pct,1pct,1pct,1pct,1pct,1pct,1pct,1pct,1pct,1%+
5352,"Pine Bluff, AR",·,·,·,·,·,·,·,·,·,X,·,X,X,·,·,·,·
5353,"Piqua, OH",·,·,·,·,·,·,·,·,·,X,·,X,X,·,·,·,·
5354,"Pittsburg, KS",·,·,·,·,·,·,·,·,·,X,·,X,X,·,·,·,·
5370,"Pittsburgh, PA",X,X,X,X,·,X,X,X,X,X,X,X,X,X,X,X,X
5390,"Pittsfield, MA",·,·,·,·,·,·,·,·,·,X,X,X,X,X,·,·,·
5391,"Pittston, PA",·,·,·,·,·,·,·,·,·,X,·,X,X,·,·,·,·
5409,"Plains, PA",·,·,·,·,·,·,·,·,·,·,·,·,·,·,·,·,·
5410,"Plainfield, NJ",·,·,·,·,·,·,·,·,·,X,X,X,X,·,·,·,·
5411,"Plattsburg, NY",·,·,·,·,·,·,·,·,·,X,·,X,·,·,·,·,·
5412,"Pleasantville, NJ",·,·,·,·,·,·,·,·,·,X,·,·,·,·,·,·,·
5413,"Plymouth, PA",·,·,·,·,·,·,·,·,·,X,·,X,X,·,·,·,·
5414,"Plymouth, MA",·,·,·,·,·,·,·,·,·,X,·,X,·,·,·,·,·
5415,"Pocatello, ID",·,·,·,·,·,·,·,·,·,X,·,·,·,·,·,·,·
5430,"Plano, TX",·,·,X,X,·,X,·,·,·,·,·,·,·,·,·,·,·
5450,"Pomona, CA",X,X,X,X,·,X,·,·,·,X,·,X,·,·,·,·,·
5451,"Ponca City, OK",·,·,·,·,·,·,·,·,·,X,·,·,·,·,·,·,·
5460,"Ponce, PR",·,·,·,·,·,·,·,·,·,·,·,·,·,·,·,·,·
5470,"Pontiac, MI",·,·,·,·,·,·,·,·,·,X,X,X,·,·,·,·,·
5471,"Port Angeles, WA",·,·,·,·,·,·,·,·,·,X,·,·,·,·,·,·,·
5480,"Port Arthur, TX",·,·,·,·,·,·,·,·,·,X,·,·,·,·,·,·,·
5481,"Port Chester, NY",·,·,·,·,·,·,·,·,·,X,·,X,·,·,·,·,·
5490,"Port Huron, MI",·,·,·,·,·,·,·,·,·,X,X,X,X,·,·,·,·
5491,"Port Jervis, NY",·,·,·,·,·,·,·,·,·,X,·,·,·,·,·,·,·
5500,"Port St. Lucie, FL",X,X,·,·,·,·,·,·,·,·,·,·,·,·,·,·,·
5510,"Portland, ME",·,·,·,·,·,·,·,·,·,X,X,X,X,X,X,X,X
Code,Label,2021,2016,2011,2006,2000,1990,1980,1950,1940,1930,1920,1910,1900,1880,1870,1860,1850
,,acs,acs,acs,acs,1pct,1pct,1pct,1pct,1pct,1pct,1pct,1pct,1pct,1pct,1pct,1pct,1%+
5511,"Portland, IL",·,·,·,·,·,·,·,·,·,·,·,X,·,·,·,·,·
5530,"Portland, OR",X,X,X,X,X,X,X,X,X,X,X,X,X,X,·,·,·
5550,"Portsmouth, NH",·,·,·,·,·,·,·,·,·,X,·,X,X,·,·,·,·
5570,"Portsmouth, OH",·,·,·,·,·,·,·,·,·,X,X,X,X,X,X,·,·
5590,"Portsmouth, VA",·,·,·,·,·,·,X,·,·,X,X,X,X,X,X,·,·
5591,"Pottstown, PA",·,·,·,·,·,·,·,·,·,X,·,X,X,·,·,·,·
5610,"Pottsville, PA",·,·,·,·,·,·,·,·,·,X,·,X,X,X,X,·,·
5630,"Poughkeepsie, NY",·,·,·,·,·,·,·,·,·,X,X,X,X,X,X,X,·
5650,"Providence, RI",X,X,X,X,·,X,X,X,X,X,X,X,X,X,X,X,X
5660,"Provo, UT",X,X,X,X,·,·,·,·,·,X,·,·,·,·,·,·,·
5670,"Pueblo, CO",·,·,·,·,·,·,·,·,·,X,X,X,X,·,·,·,·
5671,"Punxsutawney, PA",·,·,·,·,·,·,·,·,·,·,·,·,·,·,·,·,·
5690,"Quincy, IL",·,·,·,·,·,·,·,·,·,X,X,X,X,X,X,X,·
5710,"Quincy, MA",·,·,·,·,·,·,·,·,·,X,X,X,X,X,·,·,·
5730,"Racine, WI",·,·,·,·,·,·,·,·,·,X,X,X,X,X,·,·,·
5731,"Rahway, NJ",·,·,·,·,·,·,·,·,·,X,·,·,·,·,·,·,·
5750,"Raleigh, NC",·,·,X,X,·,·,X,X,X,X,·,X,X,·,·,·,·
5751,"Ranger, TX",·,·,·,·,·,·,·,·,·,·,·,·,·,·,·,·,·
5752,"Rapid City, SD",·,·,·,·,·,·,·,·,·,X,·,·,·,·,·,·,·
5770,"Rancho Cucamonga, CA",X,X,X,X,·,X,·,·,·,·,·,·,·,·,·,·,·
5790,"Reading, PA",·,·,·,·,·,·,·,·,·,X,X,X,X,X,X,X,X
5791,"Red Bank, NJ",·,·,·,·,·,·,·,·,·,X,·,·,·,·,·,·,·
5792,"Redlands, CA",·,·,·,·,·,·,·,·,·,X,·,X,·,·,·,·,·
5810,"Reno, NV",·,·,X,X,·,X,·,·,·,X,·,X,·,·,·,·,·
5811,"Rensselaer, NY",·,·,·,·,·,·,·,·,·,X,·,X,·,·,·,·,·
Code,Label,2021,2016,2011,2006,2000,1990,1980,1950,1940,1930,1920,1910,1900,1880,1870,1860,1850
,,acs,acs,acs,acs,1pct,1pct,1pct,1pct,1pct,1pct,1pct,1pct,1pct,1pct,1pct,1pct,1%+
5830,"Revere, MA",·,·,·,·,·,·,·,·,·,X,X,X,X,·,·,·,·
5850,"Richmond, IN",·,·,·,·,·,·,·,·,·,X,X,X,X,X,·,·,·
5870,"Richmond, VA",X,X,X,X,·,·,X,X,X,X,X,X,X,X,X,X,X
5871,"Richmond, CA",·,·,·,·,·,·,·,·,·,X,·,·,·,·,·,·,·
5872,"Ridgefield Park, NJ",·,·,·,·,·,·,·,·,·,X,·,·,·,·,·,·,·
5873,"Ridgewood, NJ",·,·,·,·,·,·,·,·,·,X,·,·,·,·,·,·,·
5874,"River Rouge, MI",·,·,·,·,·,·,·,·,·,X,·,·,·,·,·,·,·
5890,"Riverside, CA",·,·,X,X,·,X,X,·,·,X,·,X,·,·,·,·,·
5910,"Roanoke, VA",·,·,·,·,·,·,X,·,·,X,X,X,X,·,·,·,·
5930,"Rochester, NY",X,X,X,X,·,X,X,X,X,X,X,X,X,X,X,X,X
5931,"Rochester, NH",·,·,·,·,·,·,·,·,·,X,·,·,·,·,·,·,·
5932,"Rochester, MN",·,·,·,·,·,·,·,·,·,X,·,·,·,·,·,·,·
5933,"Rock Hill, SC",·,·,·,·,·,·,·,·,·,X,·,·,·,·,·,·,·
5950,"Rock Island, IL",·,·,·,·,·,·,·,·,·,X,X,X,X,X,·,·,·
5970,"Rockford, IL",·,·,X,X,·,·,X,X,X,X,X,X,X,X,X,·,·
5971,"Rockland, ME",·,·,·,·,·,·,·,·,·,·,·,·,·,·,·,·,·
5972,"Rockton, IL",·,·,·,·,·,·,·,·,·,·,·,·,X,·,·,·,·
5973,"Rockville Centre, NY",·,·,·,·,·,·,·,·,·,X,·,·,·,·,·,·,·
5974,"Rocky Mount, NC",·,·,·,·,·,·,·,·,·,X,·,·,·,·,·,·,·
5990,"Rome, NY",·,·,·,·,·,·,·,·,·,X,X,X,X,X,X,·,·
5991,"Rome, GA",·,·,·,·,·,·,·,·,·,X,·,X,·,·,·,·,·
5992,"Roosevelt, NJ",·,·,·,·,·,·,·,·,·,·,·,·,·,·,·,·,·
5993,"Roselle, NJ",·,·,·,·,·,·,·,·,·,X,·,·,·,·,·,·,·
5994,"Roswell, NM",·,·,·,·,·,·,·,·,·,X,·,·,·,·,·,·,·
5995,"Roseville, CA",X,X,·,·,·,·,·,·,·,·,·,·,·,·,·,·,·
Code,Label,2021,2016,2011,2006,2000,1990,1980,1950,1940,1930,1920,1910,1900,1880,1870,1860,1850
,,acs,acs,acs,acs,1pct,1pct,1pct,1pct,1pct,1pct,1pct,1pct,1pct,1pct,1pct,1pct,1%+
6010,"Roxbury, MA",·,·,·,·,·,·,·,·,·,·,·,·,·,·,·,X,X
6011,"Royal Oak, MI",·,·,·,·,·,·,·,·,·,X,·,·,·,·,·,·,·
6012,"Rumford Falls, ME",·,·,·,·,·,·,·,·,·,X,·,·,·,·,·,·,·
6013,"Rutherford, NJ",·,·,·,·,·,·,·,·,·,X,·,·,·,·,·,·,·
6014,"Rutland, VT",·,·,·,·,·,·,·,·,·,X,·,X,X,X,·,·,·
6030,"Sacramento, CA",·,·,X,X,X,X,X,X,X,X,X,X,X,X,X,X,·
6050,"Saginaw, MI",·,·,·,·,·,·,·,·,·,X,X,X,X,X,·,·,·
6070,"St. Joseph, MO",·,·,·,·,·,·,·,·,·,X,X,X,X,X,X,·,·
6090,"St. Louis, MO",X,X,X,X,·,X,X,X,X,X,X,X,X,X,X,X,X
6110,"St. Paul, MN",X,X,X,X,·,X,X,·,·,X,X,X,X,X,X,X,·
6130,"St. Petersburg, FL",·,·,·,·,·,X,X,·,·,X,·,X,·,·,·,·,·
6150,"Salem, MA",·,·,·,·,·,·,·,·,·,X,X,X,X,X,X,X,X
6170,"Salem, OR",·,·,·,·,·,X,·,·,·,X,·,X,·,·,·,·,·
6171,"Salem, OH",·,·,·,·,·,·,·,·,·,X,·,·,·,·,·,·,·
6172,"Salina, KS",·,·,·,·,·,·,·,·,·,X,·,·,·,·,·,·,·
6190,"Salinas, CA",X,X,X,X,·,X,·,·,·,X,·,·,·,·,·,·,·
6191,"Salisbury, NC",·,·,·,·,·,·,·,·,·,X,·,·,·,·,·,·,·
6192,"Salisbury, MD",·,·,·,·,·,·,·,·,·,X,·,·,·,·,·,·,·
6210,"Salt Lake City, UT",·,·,X,X,·,·,·,X,X,X,X,X,X,X,X,·,·
6211,"San Angelo, TX",·,·,·,·,·,·,·,·,·,X,·,X,·,·,·,·,·
6230,"San Antonio, TX",·,·,X,X,·,X,X,X,X,X,X,X,X,X,X,·,·
6231,"San Benito, TX",·,·,·,·,·,·,·,·,·,X,·,·,·,·,·,·,·
6250,"San Bernardino, CA",·,·,X,X,·,X,·,X,X,X,·,X,·,·,·,·,·
6260,"San Buenaventura (Ventura), CA",·,·,X,X,·,·,·,·,·,X,·,·,·,·,·,·,·
6270,"San Diego, CA",·,·,·,·,·,X,X,X,X,X,X,X,X,·,·,·,·
Code,Label,2021,2016,2011,2006,2000,1990,1980,1950,1940,1930,1920,1910,1900,1880,1870,1860,1850
,,acs,acs,acs,acs,1pct,1pct,1pct,1pct,1pct,1pct,1pct,1pct,1pct,1pct,1pct,1pct,1%+
6280,"Sandusky, OH",·,·,·,·,·,·,·,·,·,X,·,X,X,X,X,·,·
6281,"Sanford, FL",·,·,·,·,·,·,·,·,·,X,·,·,·,·,·,·,·
6282,"Sanford, ME",·,·,·,·,·,·,·,·,·,X,·,·,·,·,·,·,·
6290,"San Francisco, CA",X,X,X,X,X,X,X,X,X,X,X,X,X,X,X,X,·
6300,"San Juan, PR",·,·,·,·,·,·,·,·,·,·,·,·,·,·,·,·,·
6310,"San Jose, CA",·,·,·,·,·,X,X,X,X,X,X,X,X,X,·,·,·
6311,"San Leandro, CA",·,·,·,·,·,·,·,·,·,X,·,·,·,·,·,·,·
6312,"San Mateo, CA",·,·,·,·,·,·,·,·,·,X,·,·,·,·,·,·,·
6320,"Santa Barbara, CA",·,·,·,·,·,·,·,·,·,X,·,X,·,·,·,·,·
6321,"Santa Cruz, CA",·,·,·,·,·,·,·,·,·,X,·,X,·,·,·,·,·
6322,"Santa Fe, NM",·,·,·,·,·,·,·,·,·,X,·,·,·,·,·,·,·
6330,"Santa Ana, CA",X,X,X,X,·,X,X,·,·,X,·,·,·,·,·,·,·
6335,"Santa Clara, CA",·,·,·,·,·,·,·,·,·,·,·,·,·,·,·,·,·
6340,"Santa Clarita, CA",·,·,X,X,·,·,·,·,·,·,·,·,·,·,·,·,·
6350,"Santa Rosa, CA",·,·,·,·,·,X,·,·,·,X,·,·,·,·,·,·,·
6351,"Sapulpa, OK",·,·,·,·,·,·,·,·,·,X,·,·,·,·,·,·,·
6352,"Saratoga Springs, NY",·,·,·,·,·,·,·,·,·,X,·,X,X,·,·,·,·
6353,"Saugus, MA",·,·,·,·,·,·,·,·,·,X,·,·,·,·,·,·,·
6354,"Sault Ste. Marie, MI",·,·,·,·,·,·,·,·,·,X,·,X,X,·,·,·,·
6360,"Santa Monica, CA",·,·,·,·,·,·,·,·,·,X,·,·,·,·,·,·,·
6370,"Savannah, GA",·,·,X,X,·,·,·,·,·,X,X,X,X,X,X,X,·
6390,"Schenectady, NY",·,·,·,·,·,·,·,·,·,X,X,X,X,X,X,·,·
6410,"Scranton, PA",·,·,·,·,·,·,·,·,·,X,X,X,X,X,X,·,·
6430,"Seattle, WA",X,X,X,X,X,X,·,X,X,X,X,X,X,·,·,·,·
6431,"Sedalia, MO",·,·,·,·,·,·,·,·,·,X,·,X,X,·,·,·,·
Code,Label,2021,2016,2011,2006,2000,1990,1980,1950,1940,1930,1920,1910,1900,1880,1870,1860,1850
,,acs,acs,acs,acs,1pct,1pct,1pct,1pct,1pct,1pct,1pct,1pct,1pct,1pct,1pct,1pct,1%+
6432,"Selma, AL",·,·,·,·,·,·,·,·,·,X,·,X,·,·,·,·,·
6433,"Seminole, OK",·,·,·,·,·,·,·,·,·,X,·,·,·,·,·,·,·
6434,"Shaker Heights, OH",·,·,·,·,·,·,·,·,·,X,·,·,·,·,·,·,·
6435,"Shamokin, PA",·,·,·,·,·,·,·,·,·,X,·,X,X,·,·,·,·
6437,"Sharpsville, PA",·,·,·,·,·,·,·,·,·,·,X,·,·,·,·,·,·
6438,"Shawnee, OK",·,·,·,·,·,·,·,·,·,X,·,X,·,·,·,·,·
6440,"Sharon, PA",·,·,·,·,·,·,·,·,·,X,·,X,·,·,·,·,·
6450,"Sheboygan, WI",·,·,·,·,·,·,·,·,·,X,X,X,X,·,·,·,·
6451,"Shelby, NC",·,·,·,·,·,·,·,·,·,X,·,·,·,·,·,·,·
6452,"Shelbyville, IN",·,·,·,·,·,·,·,·,·,X,·,·,·,·,·,·,·
6453,"Shelton, CT",·,·,·,·,·,·,·,·,·,X,·,·,·,·,·,·,·
6470,"Shenandoah Borough, PA",·,·,·,·,·,·,·,·,·,X,·,X,X,X,·,·,·
6471,"Sherman, TX",·,·,·,·,·,·,·,·,·,X,·,X,X,·,·,·,·
6472,"Shorewood, WI",·,·,·,·,·,·,·,·,·,X,·,·,·,·,·,·,·
6490,"Shreveport, LA",·,·,·,·,·,X,X,·,·,X,X,X,X,·,·,·,·
6500,"Simi Valley, CA",·,·,X,X,·,X,·,·,·,·,·,·,·,·,·,·,·
6510,"Sioux City, IA",·,·,·,·,·,·,·,·,·,X,X,X,X,·,·,·,·
6530,"Sioux Falls, SD",X,X,X,X,·,·,·,·,·,X,X,X,X,·,·,·,·
6550,"Smithfield, RI",·,·,·,·,·,·,·,·,·,·,·,·,·,·,·,·,X
6570,"Somerville, MA",·,·,·,·,·,·,·,·,·,X,X,X,X,X,·,·,·
6590,"South Bend, IN",·,·,X,X,·,X,X,X,X,X,X,X,X,X,·,·,·
6591,"South Bethlehem, PA",·,·,·,·,·,·,·,·,·,·,·,X,X,·,·,·,·
6592,"South Boise, ID",·,·,·,·,·,·,·,·,·,·,·,X,·,·,·,·,·
6593,"South Gate, CA",·,·,·,·,·,·,·,·,·,X,·,·,·,·,·,·,·
6594,"South Milwaukee, WI",·,·,·,·,·,·,·,·,·,X,·,·,·,·,·,·,·
Code,Label,2021,2016,2011,2006,2000,1990,1980,1950,1940,1930,1920,1910,1900,1880,1870,1860,1850
,,acs,acs,acs,acs,1pct,1pct,1pct,1pct,1pct,1pct,1pct,1pct,1pct,1pct,1pct,1pct,1%+
6595,"South Norwalk, CT",·,·,·,·,·,·,·,·,·,·,·,X,X,X,·,·,·
6610,"South Omaha, NE",·,·,·,·,·,·,·,·,·,·,·,X,X,·,·,·,·
6611,"South Orange, NJ",·,·,·,·,·,·,·,·,·,X,·,·,·,·,·,·,·
6612,"South Pasadena, CA",·,·,·,·,·,·,·,·,·,X,·,·,·,·,·,·,·
6613,"South Pittsburgh, PA",·,·,·,·,·,·,·,·,·,·,·,·,·,·,·,X,·
6614,"South Portland, ME",·,·,·,·,·,·,·,·,·,X,·,·,·,·,·,·,·
6615,"South River, NJ",·,·,·,·,·,·,·,·,·,X,·,·,·,·,·,·,·
6616,"South St. Paul, MN",·,·,·,·,·,·,·,·,·,X,·,·,·,·,·,·,·
6617,"Southbridge, MA",·,·,·,·,·,·,·,·,·,X,·,X,X,·,·,·,·
,"Southwark, PA (See Philadelphia)",,,,,,,,,,,,,,,,,
6620,"Spartanburg, SC",·,·,·,·,·,·,·,·,·,X,·,X,X,·,·,·,·
6630,"Spokane, WA",·,·,X,X,·,X,X,X,X,X,X,X,X,·,·,·,·
,"Spring Garden, PA (See Philadelphia)",,,,,,,,,,,,,,,,,
6640,"Spring Valley, NV",·,·,X,X,·,·,·,·,·,·,·,·,·,·,·,·,·
6650,"Springfield, IL",·,·,X,X,·,·,·,·,·,X,X,X,X,X,X,·,·
6670,"Springfield, MA",X,X,X,X,·,X,·,X,X,X,X,X,X,X,X,X,X
6690,"Springfield, MO",·,·,X,X,·,X,·,·,·,X,X,X,X,·,·,·,·
6691,"St. Augustine, FL",·,·,·,·,·,·,·,·,·,X,·,·,·,·,·,·,·
6692,"St. Charles, MO",·,·,·,·,·,·,·,·,·,X,·,·,·,·,·,·,·
6693,"St. Cloud, MN",·,·,·,·,·,·,·,·,·,X,·,X,·,·,·,·,·
6710,"Springfield, OH",·,·,·,·,·,·,·,·,·,X,X,X,X,X,X,·,·
6730,"Stamford, CT",·,·,X,X,·,·,·,·,·,X,X,X,X,X,·,·,·
6731,"Statesville, NC",·,·,·,·,·,·,·,·,·,X,·,·,·,·,·,·,·
6732,"Staunton, VA",·,·,·,·,·,·,·,·,·,X,·,X,·,·,·,·,·
6733,"Steelton, PA",·,·,·,·,·,·,·,·,·,X,·,X,X,·,·,·,·
Code,Label,2021,2016,2011,2006,2000,1990,1980,1950,1940,1930,1920,1910,1900,1880,1870,1860,1850
,,acs,acs,acs,acs,1pct,1pct,1pct,1pct,1pct,1pct,1pct,1pct,1pct,1pct,1pct,1pct,1%+
6734,"Sterling, IL",·,·,·,·,·,·,·,·,·,X,·,·,·,·,·,·,·
6750,"Sterling Heights, MI",X,X,X,X,·,X,X,·,·,·,·,·,·,·,·,·,·
6770,"Steubenville, OH",·,·,·,·,·,·,·,·,·,X,X,X,X,X,·,·,·
6771,"Stevens Point, WI",·,·,·,·,·,·,·,·,·,X,·,·,·,·,·,·,·
6772,"Stillwater, MN",·,·,·,·,·,·,·,·,·,·,·,X,X,·,·,·,·
6789,"Stowe, PA",·,·,·,·,·,·,·,·,·,·,·,·,·,·,·,·,·
6790,"Stockton, CA",·,·,X,X,·,X,X,X,X,X,X,X,X,X,X,·,·
6791,"Stoneham, MA",·,·,·,·,·,·,·,·,·,X,·,·,·,·,·,·,·
6792,"Stonington, CT",·,·,·,·,·,·,·,·,·,X,·,·,·,·,·,·,·
6793,"Stratford, CT",·,·,·,·,·,·,·,·,·,X,·,·,·,·,·,·,·
6794,"Streator, IL",·,·,·,·,·,·,·,·,·,X,·,X,X,·,·,·,·
6795,"Struthers, OH",·,·,·,·,·,·,·,·,·,X,·,·,·,·,·,·,·
6796,"Suffolk, VA",·,·,·,·,·,·,·,·,·,X,·,·,·,·,·,·,·
6797,"Summit, NJ",·,·,·,·,·,·,·,·,·,X,·,·,·,·,·,·,·
6798,"Sumter, SC",·,·,·,·,·,·,·,·,·,X,·,·,·,·,·,·,·
6799,"Sunbury, PA",·,·,·,·,·,·,·,·,·,X,·,X,·,·,·,·,·
6810,"Sunnyvale, CA",X,X,X,X,·,X,X,·,·,·,·,·,·,·,·,·,·
6830,"Superior, WI",·,·,·,·,·,·,·,·,·,X,X,X,X,·,·,·,·
6831,"Swampscott, MA",·,·,·,·,·,·,·,·,·,X,·,·,·,·,·,·,·
6832,"Sweetwater, TX",·,·,·,·,·,·,·,·,·,X,·,·,·,·,·,·,·
6833,"Swissvale, PA",·,·,·,·,·,·,·,·,·,X,·,·,·,·,·,·,·
6850,"Syracuse, NY",X,X,X,X,·,X,X,X,X,X,X,X,X,X,X,X,X
6870,"Tacoma, WA",·,·,X,X,·,X,X,X,X,X,X,X,X,·,·,·,·
6871,"Tallahassee, FL",·,·,·,·,·,X,·,·,·,X,·,·,·,·,·,·,·
6872,"Tamaqua, PA",·,·,·,·,·,·,·,·,·,X,·,·,·,·,·,·,·
Code,Label,2021,2016,2011,2006,2000,1990,1980,1950,1940,1930,1920,1910,1900,1880,1870,1860,1850
,,acs,acs,acs,acs,1pct,1pct,1pct,1pct,1pct,1pct,1pct,1pct,1pct,1pct,1pct,1pct,1%+
6890,"Tampa, FL",·,·,·,·,·,X,X,X,X,X,X,X,X,·,·,·,·
6910,"Taunton, MA",·,·,·,·,·,·,·,·,·,X,X,X,X,X,X,X,X
6911,"Taylor, PA",·,·,·,·,·,·,·,·,·,X,·,·,·,·,·,·,·
6912,"Temple, TX",·,·,·,·,·,·,·,·,·,X,·,X,·,·,·,·,·
6913,"Teaneck, NJ",·,·,·,·,·,·,·,·,·,·,·,·,·,·,·,·,·
6930,"Tempe, AZ",·,·,X,X,·,X,X,·,·,·,·,·,·,·,·,·,·
6950,"Terre Haute, IN",·,·,·,·,·,·,·,·,·,X,X,X,X,X,X,·,·
6951,"Texarkana, TX/AR",·,·,·,·,·,·,·,·,·,X,·,·,X,·,·,·,·
6952,"Thomasville, GA",·,·,·,·,·,·,·,·,·,X,·,·,·,·,·,·,·
6953,"Thomasville, NC",·,·,·,·,·,·,·,·,·,X,·,·,·,·,·,·,·
6954,"Tiffin, OH",·,·,·,·,·,·,·,·,·,X,·,X,X,·,·,·,·
6960,"Thousand Oaks, CA",·,·,X,X,·,X,·,·,·,·,·,·,·,·,·,·,·
6970,"Toledo, OH",X,X,X,X,·,X,X,·,·,X,X,X,X,X,X,X,·
6971,"Tonawanda, NY",·,·,·,·,·,·,·,·,·,X,·,·,·,·,·,·,·
6990,"Topeka, KS",·,·,·,·,·,·,X,·,·,X,X,X,X,X,·,·,·
6991,"Torrington, CT",·,·,·,·,·,·,·,·,·,X,·,X,X,·,·,·,·
6992,"Traverse City, MI",·,·,·,·,·,·,·,·,·,X,·,X,·,·,·,·,·
7000,"Torrance, CA",·,·,X,X,·,·,·,·,·,·,·,·,·,·,·,·,·
7010,"Trenton, NJ",·,·,·,·,·,·,·,X,X,X,X,X,X,X,X,X,·
7011,"Trinidad, CO",·,·,·,·,·,·,·,·,·,X,·,X,·,·,·,·,·
7030,"Troy, NY",·,·,·,·,·,·,·,·,·,X,X,X,X,X,X,X,X
7050,"Tucson, AZ",·,·,·,·,·,·,X,·,·,X,·,X,·,·,·,·,·
7070,"Tulsa, OK",·,·,X,X,·,X,X,X,X,X,X,X,·,·,·,·,·
7071,"Turtle Creek, PA",·,·,·,·,·,·,·,·,·,X,·,·,·,·,·,·,·
7072,"Tuscaloosa, AL",·,·,·,·,·,·,·,·,·,X,·,·,·,·,·,·,·
Code,Label,2021,2016,2011,2006,2000,1990,1980,1950,1940,1930,1920,1910,1900,1880,1870,1860,1850
,,acs,acs,acs,acs,1pct,1pct,1pct,1pct,1pct,1pct,1pct,1pct,1pct,1pct,1pct,1pct,1%+
7073,"Two Rivers, WI",·,·,·,·,·,·,·,·,·,X,·,·,·,·,·,·,·
7074,"Tyler, TX",·,·,·,·,·,·,·,·,·,X,·,X,·,·,·,·,·
7079,"Union, NJ",·,·,·,·,·,·,·,·,·,·,·,·,·,·,·,·,·
7080,"Union City, NJ",·,·,·,·,·,·,·,·,·,X,·,X,X,·,·,·,·
7081,"Uniontown, PA",·,·,·,·,·,·,·,·,·,X,·,X,·,·,·,·,·
7082,"University City, MO",·,·,·,·,·,·,·,·,·,X,·,·,·,·,·,·,·
7083,"Urbana, IL",·,·,·,·,·,·,·,·,·,X,·,·,·,·,·,·,·
7084,"Upper Darby, PA",·,·,·,·,·,·,·,·,·,·,·,·,·,·,·,·,·
7090,"Utica, NY",·,·,·,·,·,·,·,X,X,X,X,X,X,X,X,X,X
7091,"Valdosta, GA",·,·,·,·,·,·,·,·,·,X,·,·,·,·,·,·,·
7093,"Valley Stream, NY",·,·,·,·,·,·,·,·,·,X,·,·,·,·,·,·,·
7100,"Vancouver, WA",·,·,X,X,·,·,·,·,·,X,·,·,·,·,·,·,·
7110,"Vallejo, CA",·,·,·,·,·,X,·,·,·,X,·,X,·,·,·,·,·
7111,"Vandergrift, PA",·,·,·,·,·,·,·,·,·,X,·,·,·,·,·,·,·
7112,"Venice, CA",·,·,·,·,·,·,·,·,·,·,·,·,·,·,·,·,·
7120,"Vicksburg, MS",·,·,·,·,·,·,·,·,·,X,·,X,X,X,X,·,·
7121,"Vincennes, IN",·,·,·,·,·,·,·,·,·,X,·,X,X,·,·,·,·
7122,"Virginia, MN",·,·,·,·,·,·,·,·,·,X,·,X,·,·,·,·,·
7123,"Virginia City, NV",·,·,·,·,·,·,·,·,·,·,·,·,·,X,·,·,·
7130,"Virginia Beach, VA",X,X,X,X,X,·,X,·,·,·,·,·,·,·,·,·,·
7140,"Visalia, CA",X,X,·,·,·,·,·,·,·,·,·,·,·,·,·,·,·
7150,"Waco, TX",·,·,·,·,·,·,·,·,·,X,X,X,X,·,·,·,·
7151,"Wakefield, MA",·,·,·,·,·,·,·,·,·,X,·,X,·,·,·,·,·
7152,"Walla Walla, WA",·,·,·,·,·,·,·,·,·,X,·,X,X,·,·,·,·
7153,"Wallingford, CT",·,·,·,·,·,·,·,·,·,X,·,·,·,·,·,·,·
Code,Label,2021,2016,2011,2006,2000,1990,1980,1950,1940,1930,1920,1910,1900,1880,1870,1860,1850
,,acs,acs,acs,acs,1pct,1pct,1pct,1pct,1pct,1pct,1pct,1pct,1pct,1pct,1pct,1pct,1%+
7170,"Waltham, MA",·,·,·,·,·,·,·,·,·,X,X,X,X,X,·,·,·
7180,"Warren, MI",X,X,X,X,·,X,·,·,·,·,·,·,·,·,·,·,·
7190,"Warren, OH",·,·,·,·,·,·,·,·,·,X,X,X,·,·,·,·,·
7191,"Warren, PA",·,·,·,·,·,·,·,·,·,X,·,X,·,·,·,·,·
7210,"Warwick, RI",·,·,·,·,·,·,·,·,·,X,·,X,X,X,·,·,·
7230,"Washington, DC",X,X,X,X,X,X,X,X,X,X,X,X,X,X,X,X,X
7231,"Georgetown, DC",·,·,·,·,·,·,·,·,·,·,·,·,·,X,X,·,·
7241,"Washington, PA",·,·,·,·,·,·,·,·,·,X,·,X,·,·,·,·,·
7242,"Washington, VA",·,·,·,·,·,·,·,·,·,·,·,·,·,·,·,·,·
7250,"Waterbury, CT",X,X,X,X,·,X,X,X,X,X,X,X,X,X,X,X,·
7270,"Waterloo, IA",·,·,·,·,·,·,·,·,·,X,X,X,X,·,·,·,·
7290,"Waterloo, NY",·,·,·,·,·,·,·,·,·,·,·,·,·,·,·,·,·
7310,"Watertown, NY",·,·,·,·,·,·,·,·,·,X,X,X,X,X,·,·,·
7311,"Watertown, WI",·,·,·,·,·,·,·,·,·,X,·,·,·,·,·,·,·
7312,"Watertown, SD",·,·,·,·,·,·,·,·,·,X,·,·,·,·,·,·,·
7313,"Watertown, MA",·,·,·,·,·,·,·,·,·,X,·,X,·,·,·,·,·
7314,"Waterville, ME",·,·,·,·,·,·,·,·,·,X,·,X,·,·,·,·,·
7315,"Watervliet, NY",·,·,·,·,·,·,·,·,·,X,·,X,X,·,·,·,·
7316,"Waukegan, IL",·,·,·,·,·,·,·,·,·,X,·,X,·,·,·,·,·
7317,"Waukesha, WI",·,·,·,·,·,·,·,·,·,X,·,·,·,·,·,·,·
7318,"Wausau, WI",·,·,·,·,·,·,·,·,·,X,·,X,X,·,·,·,·
7319,"Wauwatosa, WI",·,·,·,·,·,·,·,·,·,X,·,·,·,·,·,·,·
7320,"West Covina, CA",·,·,X,X,·,·,·,·,·,·,·,·,·,·,·,·,·
7321,"Waycross, GA",·,·,·,·,·,·,·,·,·,X,·,X,·,·,·,·,·
7322,"Waynesboro, PA",·,·,·,·,·,·,·,·,·,X,·,·,·,·,·,·,·
Code,Label,2021,2016,2011,2006,2000,1990,1980,1950,1940,1930,1920,1910,1900,1880,1870,1860,1850
,,acs,acs,acs,acs,1pct,1pct,1pct,1pct,1pct,1pct,1pct,1pct,1pct,1pct,1pct,1pct,1%+
7323,"Webb City, MO",·,·,·,·,·,·,·,·,·,·,·,X,·,·,·,·,·
7324,"Webster Groves, MO",·,·,·,·,·,·,·,·,·,X,·,·,·,·,·,·,·
7325,"Webster, MA",·,·,·,·,·,·,·,·,·,X,·,X,·,·,·,·,·
7326,"Wellesley, MA",·,·,·,·,·,·,·,·,·,X,·,·,·,·,·,·,·
7327,"Wenatchee, WA",·,·,·,·,·,·,·,·,·,X,·,·,·,·,·,·,·
7328,"Weehawken, NJ",·,·,·,·,·,·,·,·,·,·,·,·,·,·,·,·,·
7329,"West Bay City, MI",·,·,·,·,·,·,·,·,·,·,·,·,X,·,·,·,·
7330,"West Hoboken, NJ",·,·,·,·,·,·,·,·,·,·,X,X,X,·,·,·,·
7331,"West Bethlehem, PA",·,·,·,·,·,·,·,·,·,·,·,·,X,·,·,·,·
7332,"West Chester, PA",·,·,·,·,·,·,·,·,·,X,·,X,·,·,·,·,·
7333,"West Frankfort, IL",·,·,·,·,·,·,·,·,·,X,·,·,·,·,·,·,·
7334,"West Hartford, CT",·,·,·,·,·,·,·,·,·,X,·,·,·,·,·,·,·
7335,"West Haven, CT",·,·,·,·,·,·,·,·,·,X,·,X,·,·,·,·,·
7340,"West Allis, WI",·,·,·,·,·,·,·,·,·,X,·,·,·,·,·,·,·
7350,"West New York, NJ",·,·,·,·,·,·,·,·,·,X,X,X,·,·,·,·,·
7351,"West Orange, NJ",·,·,·,·,·,·,·,·,·,X,·,X,·,·,·,·,·
7352,"West Palm Beach, FL",·,·,·,·,·,·,·,·,·,X,·,·,·,·,·,·,·
7353,"West Springfield, MA",·,·,·,·,·,·,·,·,·,X,·,·,·,·,·,·,·
7370,"West Troy, NY",·,·,·,·,·,·,·,·,·,·,·,·,·,·,X,·,·
7371,"West Warwick, RI",·,·,·,·,·,·,·,·,·,X,·,·,·,·,·,·,·
7372,"Westbrook, ME",·,·,·,·,·,·,·,·,·,X,·,·,·,·,·,·,·
7373,"Westerly, RI",·,·,·,·,·,·,·,·,·,X,·,·,·,·,·,·,·
7374,"Westfield, MA",·,·,·,·,·,·,·,·,·,X,·,X,X,·,·,·,·
7375,"Westfield, NJ",·,·,·,·,·,·,·,·,·,X,·,·,·,·,·,·,·
7376,"Wewoka, OK",·,·,·,·,·,·,·,·,·,X,·,·,·,·,·,·,·
Code,Label,2021,2016,2011,2006,2000,1990,1980,1950,1940,1930,1920,1910,1900,1880,1870,1860,1850
,,acs,acs,acs,acs,1pct,1pct,1pct,1pct,1pct,1pct,1pct,1pct,1pct,1pct,1pct,1pct,1%+
7377,"Weymouth, MA",·,·,·,·,·,·,·,·,·,X,·,X,X,X,·,·,·
7390,"Wheeling, WV",·,·,·,·,·,·,·,·,·,X,X,X,X,X,X,X,X
7400,"White Plains, NY",·,·,·,·,·,·,·,·,·,X,·,X,·,·,·,·,·
7401,"Whiting, IN",·,·,·,·,·,·,·,·,·,X,·,·,·,·,·,·,·
7402,"Whittier, CA",·,·,·,·,·,·,·,·,·,X,·,·,·,·,·,·,·
7410,"Wichita, KS",·,·,X,X,·,X,X,·,·,X,X,X,X,·,·,·,·
7430,"Wichita Falls, TX",·,·,·,·,·,·,·,·,·,X,X,·,·,·,·,·,·
7450,"Wilkes-Barre, PA",·,·,·,·,·,·,·,·,·,X,X,X,X,X,X,·,·
7460,"Wilkinsburg, PA",·,·,·,·,·,·,·,·,·,X,·,X,X,·,·,·,·
7470,"Williamsport, PA",·,·,·,·,·,·,·,·,·,X,X,X,X,X,X,·,·
7471,"Willimantic, CT",·,·,·,·,·,·,·,·,·,X,·,X,X,·,·,·,·
7472,"Wilmette, IL",·,·,·,·,·,·,·,·,·,X,·,·,·,·,·,·,·
7490,"Wilmington, DE",·,·,·,·,·,·,·,·,·,X,X,X,X,X,X,X,X
7510,"Wilmington, NC",·,·,·,·,·,·,·,·,·,X,X,X,X,X,X,·,·
7511,"Wilson, NC",·,·,·,·,·,·,·,·,·,X,·,·,·,·,·,·,·
7512,"Winchester, VA",·,·,·,·,·,·,·,·,·,X,·,·,·,·,·,·,·
7513,"Winchester, MA",·,·,·,·,·,·,·,·,·,X,·,·,·,·,·,·,·
7514,"Windham, CT",·,·,·,·,·,·,·,·,·,X,·,X,X,·,·,·,·
7515,"Winnetka, IL",·,·,·,·,·,·,·,·,·,X,·,·,·,·,·,·,·
7516,"Winona, MN",·,·,·,·,·,·,·,·,·,X,·,X,X,X,·,·,·
7530,"Winston-Salem, NC",·,·,X,X,·,X,X,X,X,X,X,X,X,·,·,·,·
7531,"Winthrop, MA",·,·,·,·,·,·,·,·,·,X,·,X,·,·,·,·,·
7532,"Woburn, MA",·,·,·,·,·,·,·,·,·,X,·,X,X,X,·,·,·
7533,"Woodlawn, PA",·,·,·,·,·,·,·,·,·,·,·,·,·,·,·,·,·
7534,"Woodmont, CT",·,·,·,·,·,·,·,·,·,X,·,·,·,·,·,·,·
Code,Label,2021,2016,2011,2006,2000,1990,1980,1950,1940,1930,1920,1910,1900,1880,1870,1860,1850
,,acs,acs,acs,acs,1pct,1pct,1pct,1pct,1pct,1pct,1pct,1pct,1pct,1pct,1pct,1pct,1%+
7535,"Woodbridge, NJ",·,·,·,·,·,·,·,·,·,·,·,·,·,·,·,·,·
7550,"Woonsocket, RI",·,·,·,·,·,·,·,·,·,X,X,X,X,X,·,·,·
7551,"Wooster, OH",·,·,·,·,·,·,·,·,·,X,·,·,·,·,·,·,·
7570,"Worcester, MA",X,X,X,X,·,X,X,X,X,X,X,X,X,X,X,X,X
7571,"Wyandotte, MI",·,·,·,·,·,·,·,·,·,X,·,·,·,·,·,·,·
7572,"Xenia, OH",·,·,·,·,·,·,·,·,·,X,·,·,·,·,·,·,·
7573,"Yakima, WA",·,·,·,·,·,·,·,·,·,X,·,·,·,·,·,·,·
7590,"Yonkers, NY",X,X,X,X,·,X,X,·,·,X,X,X,X,X,·,·,·
7610,"York, PA",·,·,·,·,·,·,·,·,·,X,X,X,X,X,X,·,·
7630,"Youngstown, OH",·,·,·,·,·,·,·,X,X,X,X,X,X,X,·,·,·
7631,"Ypsilanti, MI",·,·,·,·,·,·,·,·,·,X,·,·,·,·,·,·,·
7650,"Zanesville, OH",·,·,·,·,·,·,·,·,·,X,X,X,X,X,X,·,·
